<?xml version="1.0" encoding="utf-8" standalone="yes"?>
<bodefs>
    <bodef alias="qyjsCaseModel" supportDb="1" categoryId="139584" status="normal" deployed="1">
        <createBy>1</createBy>
        <createTime>2019-11-24T12:08:08+08:00</createTime>
        <id>2153143</id>
        <description>契约计上通用建模</description>
        <ent name="caseFlag" description="案件相关情报控制表" packageId="" type="main" tableName="W_caseFlag" isExternal="0" fk="ref_id_">
            <createBy>1</createBy>
            <createTime>2019-11-19T21:23:21+08:00</createTime>
            <status>enabled</status>
            <isCreateTable>1</isCreateTable>
            <attributeList name="dldwebdljqrd" description="代理店web登録済確認待" dataType="varchar" defaultValue="" format="" isRequired="0" attrLength="50" decimalLen="0" sn="0" fieldName="F_dldwebdljqrd">
                <entId>2153144</entId>
                <isPk>false</isPk>
                <isNull>false</isNull>
                <tableName></tableName>
            </attributeList>
            <attributeList name="swtklx" description="事务统括连协" dataType="varchar" defaultValue="" format="" isRequired="0" attrLength="50" decimalLen="0" sn="0" fieldName="F_swtklx">
                <entId>2153144</entId>
                <isPk>false</isPk>
                <isNull>false</isNull>
                <tableName></tableName>
            </attributeList>
            <attributeList name="kzlx" description="口振连协" dataType="varchar" defaultValue="" format="" isRequired="0" attrLength="50" decimalLen="0" sn="0" fieldName="F_kzlx">
                <entId>2153144</entId>
                <isPk>false</isPk>
                <isNull>false</isNull>
                <tableName></tableName>
            </attributeList>
            <attributeList name="zdzms" description="中断証明書発行依頼書" dataType="varchar" defaultValue="" format="" isRequired="0" attrLength="50" decimalLen="0" sn="0" fieldName="F_zdzms">
                <entId>2153144</entId>
                <isPk>false</isPk>
                <isNull>false</isNull>
                <tableName></tableName>
            </attributeList>
            <attributeList name="jsbl" description="计上保留" dataType="varchar" defaultValue="" format="" isRequired="0" attrLength="50" decimalLen="0" sn="0" fieldName="F_jsbl">
                <entId>2153144</entId>
                <isPk>false</isPk>
                <isNull>false</isNull>
                <tableName></tableName>
            </attributeList>
            <attributeList name="errorxzwl" description="エラー修正完了" dataType="varchar" defaultValue="" format="" isRequired="0" attrLength="50" decimalLen="0" sn="0" fieldName="F_errorxzwl">
                <entId>2153144</entId>
                <isPk>false</isPk>
                <isNull>false</isNull>
                <tableName></tableName>
            </attributeList>
            <attributeList name="mfStartOtherLx" description="满返的他组连协" dataType="varchar" defaultValue="" format="" isRequired="0" attrLength="50" decimalLen="0" sn="0" fieldName="F_mfStartOtherLx">
                <entId>2153144</entId>
                <isPk>false</isPk>
                <isNull>false</isNull>
                <tableName></tableName>
            </attributeList>
            <attributeList name="zdzmsmain" description="中断証明書主账票" dataType="varchar" defaultValue="" format="" isRequired="0" attrLength="50" decimalLen="0" sn="0" fieldName="F_zdzmsmain">
                <entId>2153144</entId>
                <isPk>false</isPk>
                <isNull>false</isNull>
                <tableName></tableName>
            </attributeList>
            <attributeList name="zl" description="種類" dataType="varchar" defaultValue="" format="" isRequired="0" attrLength="50" decimalLen="0" sn="0" fieldName="F_zl">
                <entId>2153144</entId>
                <isPk>false</isPk>
                <isNull>false</isNull>
                <tableName></tableName>
            </attributeList>
            <attributeList name="dldjsyw" description="代理店計上有無" dataType="varchar" defaultValue="" format="" isRequired="0" attrLength="50" decimalLen="0" sn="0" fieldName="F_dldjsyw">
                <entId>2153144</entId>
                <isPk>false</isPk>
                <isNull>false</isNull>
                <tableName></tableName>
            </attributeList>
            <attributeList name="crszcy" description="タイプ承認書作成要" dataType="varchar" defaultValue="" format="" isRequired="0" attrLength="50" decimalLen="0" sn="0" fieldName="F_crszcy">
                <entId>2153144</entId>
                <isPk>false</isPk>
                <isNull>false</isNull>
                <tableName></tableName>
            </attributeList>
            <attributeList name="datamx" description="データ抹消" dataType="varchar" defaultValue="" format="" isRequired="0" attrLength="50" decimalLen="0" sn="0" fieldName="F_datamx">
                <entId>2153144</entId>
                <isPk>false</isPk>
                <isNull>false</isNull>
                <tableName></tableName>
            </attributeList>
            <attributeList name="bzzq" description="不着証券" dataType="varchar" defaultValue="" format="" isRequired="0" attrLength="50" decimalLen="0" sn="0" fieldName="F_bzzq">
                <entId>2153144</entId>
                <isPk>false</isPk>
                <isNull>false</isNull>
                <tableName></tableName>
            </attributeList>
            <attributeList name="dklx" description="代勘と連携" dataType="varchar" defaultValue="" format="" isRequired="0" attrLength="50" decimalLen="0" sn="0" fieldName="F_dklx">
                <entId>2153144</entId>
                <isPk>false</isPk>
                <isNull>false</isNull>
                <tableName></tableName>
            </attributeList>
            <attributeList name="dkgroupcomment" description="代勘チームへコメント" dataType="clob" defaultValue="" format="" isRequired="0" attrLength="0" decimalLen="0" sn="0" fieldName="F_dkgroupcomment">
                <entId>2153144</entId>
                <isPk>false</isPk>
                <isNull>false</isNull>
                <tableName></tableName>
            </attributeList>
            <attributeList name="dbzsm" description="代表者氏名" dataType="varchar" defaultValue="" format="" isRequired="0" attrLength="50" decimalLen="0" sn="0" fieldName="F_dbzsm">
                <entId>2153144</entId>
                <isPk>false</isPk>
                <isNull>false</isNull>
                <tableName></tableName>
            </attributeList>
            <attributeList name="zshz" description="住所漢字" dataType="varchar" defaultValue="" format="" isRequired="0" attrLength="50" decimalLen="0" sn="0" fieldName="F_zshz">
                <entId>2153144</entId>
                <isPk>false</isPk>
                <isNull>false</isNull>
                <tableName></tableName>
            </attributeList>
            <attributeList name="clll" description="処理履歴" dataType="varchar" defaultValue="" format="" isRequired="0" attrLength="50" decimalLen="0" sn="0" fieldName="F_clll">
                <entId>2153144</entId>
                <isPk>false</isPk>
                <isNull>false</isNull>
                <tableName></tableName>
            </attributeList>
            <attributeList name="qxzjs" description="取消再計上" dataType="varchar" defaultValue="" format="" isRequired="0" attrLength="50" decimalLen="0" sn="0" fieldName="F_qxzjs">
                <entId>2153144</entId>
                <isPk>false</isPk>
                <isNull>false</isNull>
                <tableName></tableName>
            </attributeList>
            <attributeList name="kzztlx" description="口座振替チーム連携" dataType="varchar" defaultValue="" format="" isRequired="0" attrLength="50" decimalLen="0" sn="0" fieldName="F_kzztlx">
                <entId>2153144</entId>
                <isPk>false</isPk>
                <isNull>false</isNull>
                <tableName></tableName>
            </attributeList>
            <attributeList name="kzgroupcomment" description="口振チームへコメント" dataType="clob" defaultValue="" format="" isRequired="0" attrLength="0" decimalLen="0" sn="0" fieldName="F_kzgroupcomment">
                <entId>2153144</entId>
                <isPk>false</isPk>
                <isNull>false</isNull>
                <tableName></tableName>
            </attributeList>
            <attributeList name="kzfl" description="口振分類" dataType="varchar" defaultValue="" format="" isRequired="0" attrLength="50" decimalLen="0" sn="0" fieldName="F_kzfl">
                <entId>2153144</entId>
                <isPk>false</isPk>
                <isNull>false</isNull>
                <tableName></tableName>
            </attributeList>
            <attributeList name="dztfw" description="地震添付物" dataType="varchar" defaultValue="" format="" isRequired="0" attrLength="50" decimalLen="0" sn="0" fieldName="F_dztfw">
                <entId>2153144</entId>
                <isPk>false</isPk>
                <isNull>false</isNull>
                <tableName></tableName>
            </attributeList>
            <attributeList name="dzgl" description="地震関連" dataType="varchar" defaultValue="" format="" isRequired="0" attrLength="50" decimalLen="0" sn="0" fieldName="F_dzgl">
                <entId>2153144</entId>
                <isPk>false</isPk>
                <isNull>false</isNull>
                <tableName></tableName>
            </attributeList>
            <attributeList name="qzrl" description="強制入力" dataType="varchar" defaultValue="" format="" isRequired="0" attrLength="50" decimalLen="0" sn="0" fieldName="F_qzrl">
                <entId>2153144</entId>
                <isPk>false</isPk>
                <isNull>false</isNull>
                <tableName></tableName>
            </attributeList>
            <attributeList name="dsdzqx" description="当社到着期限" dataType="varchar" defaultValue="" format="" isRequired="0" attrLength="50" decimalLen="0" sn="0" fieldName="F_dsdzqx">
                <entId>2153144</entId>
                <isPk>false</isPk>
                <isNull>false</isNull>
                <tableName></tableName>
            </attributeList>
            <attributeList name="crqqscheck" description="承認請求書チェック" dataType="varchar" defaultValue="" format="" isRequired="0" attrLength="50" decimalLen="0" sn="0" fieldName="F_crqqscheck">
                <entId>2153144</entId>
                <isPk>false</isPk>
                <isNull>false</isNull>
                <tableName></tableName>
            </attributeList>
            <attributeList name="zfr" description="支払日" dataType="varchar" defaultValue="" format="" isRequired="0" attrLength="50" decimalLen="0" sn="0" fieldName="F_zfr">
                <entId>2153144</entId>
                <isPk>false</isPk>
                <isNull>false</isNull>
                <tableName></tableName>
            </attributeList>
            <attributeList name="zfdl" description="支払登録" dataType="varchar" defaultValue="" format="" isRequired="0" attrLength="50" decimalLen="0" sn="0" fieldName="F_zfdl">
                <entId>2153144</entId>
                <isPk>false</isPk>
                <isNull>false</isNull>
                <tableName></tableName>
            </attributeList>
            <attributeList name="zfjeyen" description="支払金額(円)" dataType="varchar" defaultValue="" format="" isRequired="0" attrLength="50" decimalLen="0" sn="0" fieldName="F_zfjeyen">
                <entId>2153144</entId>
                <isPk>false</isPk>
                <isNull>false</isNull>
                <tableName></tableName>
            </attributeList>
            <attributeList name="ggkzjxy" description="更改口座接続要" dataType="varchar" defaultValue="" format="" isRequired="0" attrLength="50" decimalLen="0" sn="0" fieldName="F_ggkzjxy">
                <entId>2153144</entId>
                <isPk>false</isPk>
                <isNull>false</isNull>
                <tableName></tableName>
            </attributeList>
            <attributeList name="frqfq" description="法人区分前" dataType="varchar" defaultValue="" format="" isRequired="0" attrLength="50" decimalLen="0" sn="0" fieldName="F_frqfq">
                <entId>2153144</entId>
                <isPk>false</isPk>
                <isNull>false</isNull>
                <tableName></tableName>
            </attributeList>
            <attributeList name="frqfh" description="法人区分後" dataType="varchar" defaultValue="" format="" isRequired="0" attrLength="50" decimalLen="0" sn="0" fieldName="F_frqfh">
                <entId>2153144</entId>
                <isPk>false</isPk>
                <isNull>false</isNull>
                <tableName></tableName>
            </attributeList>
            <attributeList name="mqr" description="満期日" dataType="varchar" defaultValue="" format="" isRequired="0" attrLength="50" decimalLen="0" sn="0" fieldName="F_mqr">
                <entId>2153144</entId>
                <isPk>false</isPk>
                <isNull>false</isNull>
                <tableName></tableName>
            </attributeList>
            <attributeList name="mfcd" description="満返充当" dataType="varchar" defaultValue="" format="" isRequired="0" attrLength="50" decimalLen="0" sn="0" fieldName="F_mfcd">
                <entId>2153144</entId>
                <isPk>false</isPk>
                <isNull>false</isNull>
                <tableName></tableName>
            </attributeList>
            <attributeList name="djjsgroupcomment" description="点検・計上チームからのコメント" dataType="clob" defaultValue="" format="" isRequired="0" attrLength="0" decimalLen="0" sn="0" fieldName="F_djjsgroupcomment">
                <entId>2153144</entId>
                <isPk>false</isPk>
                <isNull>false</isNull>
                <tableName></tableName>
            </attributeList>
            <attributeList name="fasff" description="発送方法" dataType="varchar" defaultValue="" format="" isRequired="0" attrLength="50" decimalLen="0" sn="0" fieldName="F_fasff">
                <entId>2153144</entId>
                <isPk>false</isPk>
                <isNull>false</isNull>
                <tableName></tableName>
            </attributeList>
            <attributeList name="dlfs" description="登録方式" dataType="varchar" defaultValue="" format="" isRequired="0" attrLength="50" decimalLen="0" sn="0" fieldName="F_dlfs">
                <entId>2153144</entId>
                <isPk>false</isPk>
                <isNull>false</isNull>
                <tableName></tableName>
            </attributeList>
            <attributeList name="xx" description="相続" dataType="varchar" defaultValue="" format="" isRequired="0" attrLength="50" decimalLen="0" sn="0" fieldName="F_xx">
                <entId>2153144</entId>
                <isPk>false</isPk>
                <isNull>false</isNull>
                <tableName></tableName>
            </attributeList>
            <attributeList name="xxcheck" description="相続チェック" dataType="varchar" defaultValue="" format="" isRequired="0" attrLength="50" decimalLen="0" sn="0" fieldName="F_xxcheck">
                <entId>2153144</entId>
                <isPk>false</isPk>
                <isNull>false</isNull>
                <tableName></tableName>
            </attributeList>
            <attributeList name="qdjsssgs" description="確定精算書申告書" dataType="varchar" defaultValue="" format="" isRequired="0" attrLength="50" decimalLen="0" sn="0" fieldName="F_qdjsssgs">
                <entId>2153144</entId>
                <isPk>false</isPk>
                <isNull>false</isNull>
                <tableName></tableName>
            </attributeList>
            <attributeList name="qdjssgsyw" description="確定精算申告書有無" dataType="varchar" defaultValue="" format="" isRequired="0" attrLength="50" decimalLen="0" sn="0" fieldName="F_qdjssgsyw">
                <entId>2153144</entId>
                <isPk>false</isPk>
                <isNull>false</isNull>
                <tableName></tableName>
            </attributeList>
            <attributeList name="jsscheck" description="精算書チェック" dataType="varchar" defaultValue="" format="" isRequired="0" attrLength="50" decimalLen="0" sn="0" fieldName="F_jsscheck">
                <entId>2153144</entId>
                <isPk>false</isPk>
                <isNull>false</isNull>
                <tableName></tableName>
            </attributeList>
            <attributeList name="zjfj" description="至急返金" dataType="varchar" defaultValue="" format="" isRequired="0" attrLength="50" decimalLen="0" sn="0" fieldName="F_zjfj">
                <entId>2153144</entId>
                <isPk>false</isPk>
                <isNull>false</isNull>
                <tableName></tableName>
            </attributeList>
            <attributeList name="yjrp" description="要加入票" dataType="varchar" defaultValue="" format="" isRequired="0" attrLength="50" decimalLen="0" sn="0" fieldName="F_yjrp">
                <entId>2153144</entId>
                <isPk>false</isPk>
                <isNull>false</isNull>
                <tableName></tableName>
            </attributeList>
            <attributeList name="jsfs" description="計上方式" dataType="varchar" defaultValue="" format="" isRequired="0" attrLength="50" decimalLen="0" sn="0" fieldName="F_jsfs">
                <entId>2153144</entId>
                <isPk>false</isPk>
                <isNull>false</isNull>
                <tableName></tableName>
            </attributeList>
            <attributeList name="zqzzc" description="証券再作成" dataType="varchar" defaultValue="" format="" isRequired="0" attrLength="50" decimalLen="0" sn="0" fieldName="F_zqzzc">
                <entId>2153144</entId>
                <isPk>false</isPk>
                <isNull>false</isNull>
                <tableName></tableName>
            </attributeList>
            <attributeList name="zqzfx" description="証券再発行" dataType="varchar" defaultValue="" format="" isRequired="0" attrLength="50" decimalLen="0" sn="0" fieldName="F_zqzfx">
                <entId>2153144</entId>
                <isPk>false</isPk>
                <isNull>false</isNull>
                <tableName></tableName>
            </attributeList>
            <attributeList name="zqsd" description="質権設定" dataType="varchar" defaultValue="" format="" isRequired="0" attrLength="50" decimalLen="0" sn="0" fieldName="F_zqsd">
                <entId>2153144</entId>
                <isPk>false</isPk>
                <isNull>false</isNull>
                <tableName></tableName>
            </attributeList>
            <attributeList name="fansff" description="返送方法" dataType="varchar" defaultValue="" format="" isRequired="0" attrLength="50" decimalLen="0" sn="0" fieldName="F_fansff">
                <entId>2153144</entId>
                <isPk>false</isPk>
                <isNull>false</isNull>
                <tableName></tableName>
            </attributeList>
            <attributeList name="fjjy" description="返金/解約" dataType="varchar" defaultValue="" format="" isRequired="0" attrLength="50" decimalLen="0" sn="0" fieldName="F_fjjy">
                <entId>2153144</entId>
                <isPk>false</isPk>
                <isNull>false</isNull>
                <tableName></tableName>
            </attributeList>
            <attributeList name="ybfh" description="郵便番号" dataType="varchar" defaultValue="" format="" isRequired="0" attrLength="50" decimalLen="0" sn="0" fieldName="F_ybfh">
                <entId>2153144</entId>
                <isPk>false</isPk>
                <isNull>false</isNull>
                <tableName></tableName>
            </attributeList>
            <attributeList name="sftbsdj" description="是否他部署点检" dataType="varchar" defaultValue="" format="" isRequired="0" attrLength="50" decimalLen="0" sn="0" fieldName="F_sftbsdj">
                <entId>2153144</entId>
                <isPk>false</isPk>
                <isNull>false</isNull>
                <tableName></tableName>
            </attributeList>
            <attributeList name="yydj" description="営業点検" dataType="varchar" defaultValue="" format="" isRequired="0" attrLength="50" decimalLen="0" sn="0" fieldName="F_yydj">
                <entId>2153144</entId>
                <isPk>false</isPk>
                <isNull>false</isNull>
                <tableName></tableName>
            </attributeList>
            <attributeList name="dj2hm" description="点検2回目" dataType="varchar" defaultValue="" format="" isRequired="0" attrLength="50" decimalLen="0" sn="0" fieldName="F_dj2hm">
                <entId>2153144</entId>
                <isPk>false</isPk>
                <isNull>false</isNull>
                <tableName></tableName>
            </attributeList>
            <attributeList name="yydjj" description="営業点検済" dataType="varchar" defaultValue="" format="" isRequired="0" attrLength="50" decimalLen="0" sn="0" fieldName="F_yydjj">
                <entId>2153144</entId>
                <isPk>false</isPk>
                <isNull>false</isNull>
                <tableName></tableName>
            </attributeList>
            <attributeList name="jsjerroryw" description="計上済エラー有無" dataType="varchar" defaultValue="" format="" isRequired="0" attrLength="50" decimalLen="0" sn="0" fieldName="F_jsjerroryw">
                <entId>2153144</entId>
                <isPk>false</isPk>
                <isNull>false</isNull>
                <tableName></tableName>
            </attributeList>
            <attributeList name="jsqryw" description="計上確認有無" dataType="varchar" defaultValue="" format="" isRequired="0" attrLength="50" decimalLen="0" sn="0" fieldName="F_jsqryw">
                <entId>2153144</entId>
                <isPk>false</isPk>
                <isNull>false</isNull>
                <tableName></tableName>
            </attributeList>
            <attributeList name="jszt" description="計上済FLAG" dataType="varchar" defaultValue="" format="" isRequired="0" attrLength="50" decimalLen="0" sn="0" fieldName="F_jszt">
                <entId>2153144</entId>
                <isPk>false</isPk>
                <isNull>false</isNull>
                <tableName></tableName>
            </attributeList>
            <attributeList name="fjbbl" description="付箋不備欄" dataType="varchar" defaultValue="" format="" isRequired="0" attrLength="50" decimalLen="0" sn="0" fieldName="F_fjbbl">
                <entId>2153144</entId>
                <isPk>false</isPk>
                <isNull>false</isNull>
                <tableName></tableName>
            </attributeList>
            <attributeList name="onweberroryw" description="計上エラー有無" dataType="varchar" defaultValue="" format="" isRequired="0" attrLength="50" decimalLen="0" sn="0" fieldName="F_onweberroryw">
                <entId>2153144</entId>
                <isPk>false</isPk>
                <isNull>false</isNull>
                <tableName></tableName>
            </attributeList>
            <attributeList name="batcherroryw" description="バッチ計上エラー有無" dataType="varchar" defaultValue="" format="" isRequired="0" attrLength="50" decimalLen="0" sn="0" fieldName="F_batcherroryw">
                <entId>2153144</entId>
                <isPk>false</isPk>
                <isNull>false</isNull>
                <tableName></tableName>
            </attributeList>
            <attributeList name="zzdyl" description="再振込依頼" dataType="varchar" defaultValue="" format="" isRequired="0" attrLength="50" decimalLen="0" sn="0" fieldName="F_zzdyl">
                <entId>2153144</entId>
                <isPk>false</isPk>
                <isNull>false</isNull>
                <tableName></tableName>
            </attributeList>
            <attributeList name="zfdlcheck" description="支払登録チェック" dataType="varchar" defaultValue="" format="" isRequired="0" attrLength="50" decimalLen="0" sn="0" fieldName="F_zfdlcheck">
                <entId>2153144</entId>
                <isPk>false</isPk>
                <isNull>false</isNull>
                <tableName></tableName>
            </attributeList>
            <attributeList name="qyzm" description="契約者名" dataType="varchar" defaultValue="" format="" isRequired="0" attrLength="150" decimalLen="0" sn="0" fieldName="F_qyzm">
                <entId>2153144</entId>
                <isPk>false</isPk>
                <isNull>false</isNull>
                <tableName></tableName>
            </attributeList>
            <ents>
                <ent name="casePhotoMaster" description="案件基本情报表" packageId="" type="onetoone" tableName="photo_master" isExternal="1" pk="ID_" fk="master_id" pkType="varchar">
                    <createBy>1</createBy>
                    <createTime>2019-11-19T21:23:21+08:00</createTime>
                    <dsName>LOCAL</dsName>
                    <status>enabled</status>
                    <isCreateTable>1</isCreateTable>
                    <attributeList name="ZL_TYPE" description="種類" dataType="varchar" defaultValue="" format="" isRequired="0" attrLength="50" decimalLen="0" sn="0" fieldName="ZL_TYPE">
                        <entId>2153210</entId>
                        <isPk>false</isPk>
                        <isNull>false</isNull>
                        <tableName></tableName>
                    </attributeList>
                    <attributeList name="MASTER_ID" description="外键" dataType="varchar" defaultValue="" format="" isRequired="0" attrLength="60" decimalLen="0" sn="0" fieldName="MASTER_ID">
                        <entId>2153210</entId>
                        <isPk>false</isPk>
                        <isNull>false</isNull>
                        <tableName></tableName>
                    </attributeList>
                    <attributeList name="CASE_NO" description="案件号" dataType="varchar" defaultValue="" format="" isRequired="0" attrLength="255" decimalLen="0" sn="0" fieldName="CASE_NO">
                        <entId>2153210</entId>
                        <isPk>false</isPk>
                        <isNull>false</isNull>
                        <tableName></tableName>
                    </attributeList>
                    <attributeList name="GET_DATE" description="受付日" dataType="date" defaultValue="" format="yyyy-MM-dd" isRequired="0" attrLength="0" decimalLen="0" sn="0" fieldName="GET_DATE">
                        <entId>2153210</entId>
                        <isPk>false</isPk>
                        <isNull>false</isNull>
                        <tableName></tableName>
                    </attributeList>
                    <attributeList name="OCR_ID" description="ocr数据主键" dataType="varchar" defaultValue="" format="" isRequired="0" attrLength="50" decimalLen="0" sn="0" fieldName="OCR_ID">
                        <entId>2153210</entId>
                        <isPk>false</isPk>
                        <isNull>false</isNull>
                        <tableName></tableName>
                    </attributeList>
                    <attributeList name="BATCH_DATE" description="数据来源日期 : YYYYMMDD" dataType="varchar" defaultValue="" format="" isRequired="0" attrLength="50" decimalLen="0" sn="0" fieldName="BATCH_DATE">
                        <entId>2153210</entId>
                        <isPk>false</isPk>
                        <isNull>false</isNull>
                        <tableName></tableName>
                    </attributeList>
                    <attributeList name="BATCH_CODE" description="数据来源批次" dataType="varchar" defaultValue="" format="" isRequired="0" attrLength="50" decimalLen="0" sn="0" fieldName="BATCH_CODE">
                        <entId>2153210</entId>
                        <isPk>false</isPk>
                        <isNull>false</isNull>
                        <tableName></tableName>
                    </attributeList>
                    <attributeList name="PRIMARY_DESIGNATION" description="主账票证券番号" dataType="varchar" defaultValue="" format="" isRequired="0" attrLength="50" decimalLen="0" sn="0" fieldName="PRIMARY_DESIGNATION">
                        <entId>2153210</entId>
                        <isPk>false</isPk>
                        <isNull>false</isNull>
                        <tableName></tableName>
                    </attributeList>
                    <attributeList name="PRIMARY_DESIGNATION_SUB" description="主账票裏書番号" dataType="varchar" defaultValue="" format="" isRequired="0" attrLength="50" decimalLen="0" sn="0" fieldName="PRIMARY_DESIGNATION_SUB">
                        <entId>2153210</entId>
                        <isPk>false</isPk>
                        <isNull>false</isNull>
                        <tableName></tableName>
                    </attributeList>
                    <attributeList name="PRIMARY_QRCODE" description="主账票二维码" dataType="varchar" defaultValue="" format="" isRequired="0" attrLength="255" decimalLen="0" sn="0" fieldName="PRIMARY_QRCODE">
                        <entId>2153210</entId>
                        <isPk>false</isPk>
                        <isNull>false</isNull>
                        <tableName></tableName>
                    </attributeList>
                    <attributeList name="PRIMARY_NAME" description="主账票图片名" dataType="varchar" defaultValue="" format="" isRequired="0" attrLength="255" decimalLen="0" sn="0" fieldName="PRIMARY_NAME">
                        <entId>2153210</entId>
                        <isPk>false</isPk>
                        <isNull>false</isNull>
                        <tableName></tableName>
                    </attributeList>
                    <attributeList name="PRIMARY_CODE" description="主账票类型号" dataType="varchar" defaultValue="" format="" isRequired="0" attrLength="50" decimalLen="0" sn="0" fieldName="PRIMARY_CODE">
                        <entId>2153210</entId>
                        <isPk>false</isPk>
                        <isNull>false</isNull>
                        <tableName></tableName>
                    </attributeList>
                    <attributeList name="CATEGORY_CODE" description="启动流程类型 : 1=自动车;2=火災" dataType="number" defaultValue="" format="" isRequired="0" attrLength="10" decimalLen="0" sn="0" fieldName="CATEGORY_CODE">
                        <entId>2153210</entId>
                        <isPk>false</isPk>
                        <isNull>false</isNull>
                        <tableName></tableName>
                    </attributeList>
                    <attributeList name="IS_LOGO" description="計上联络票有无标志 : 1=計上済，0=未計上" dataType="number" defaultValue="" format="" isRequired="0" attrLength="10" decimalLen="0" sn="0" fieldName="IS_LOGO">
                        <entId>2153210</entId>
                        <isPk>false</isPk>
                        <isNull>false</isNull>
                        <tableName></tableName>
                    </attributeList>
                    <attributeList name="DEPARTMENT_CODE" description="課店コード" dataType="varchar" defaultValue="" format="" isRequired="0" attrLength="60" decimalLen="0" sn="0" fieldName="DEPARTMENT_CODE">
                        <entId>2153210</entId>
                        <isPk>false</isPk>
                        <isNull>false</isNull>
                        <tableName></tableName>
                    </attributeList>
                    <attributeList name="STORE_CODE" description="代理店コード" dataType="varchar" defaultValue="" format="" isRequired="0" attrLength="60" decimalLen="0" sn="0" fieldName="STORE_CODE">
                        <entId>2153210</entId>
                        <isPk>false</isPk>
                        <isNull>false</isNull>
                        <tableName></tableName>
                    </attributeList>
                    <attributeList name="APPLICANT_NAME" description="契約者名" dataType="varchar" defaultValue="" format="" isRequired="0" attrLength="60" decimalLen="0" sn="0" fieldName="APPLICANT_NAME">
                        <entId>2153210</entId>
                        <isPk>false</isPk>
                        <isNull>false</isNull>
                        <tableName></tableName>
                    </attributeList>
                    <attributeList name="APPLICANT_KANA" description="カナ" dataType="varchar" defaultValue="" format="" isRequired="0" attrLength="60" decimalLen="0" sn="0" fieldName="APPLICANT_KANA">
                        <entId>2153210</entId>
                        <isPk>false</isPk>
                        <isNull>false</isNull>
                        <tableName></tableName>
                    </attributeList>
                    <attributeList name="FROM_TYPE" description="来源类型 : 1=OCR数据启动，2=不明启动，3=人工启动" dataType="number" defaultValue="" format="" isRequired="0" attrLength="10" decimalLen="0" sn="0" fieldName="FROM_TYPE">
                        <entId>2153210</entId>
                        <isPk>false</isPk>
                        <isNull>false</isNull>
                        <tableName></tableName>
                    </attributeList>
                    <attributeList name="FROM_OPTER" description="来源操作者" dataType="varchar" defaultValue="" format="" isRequired="0" attrLength="255" decimalLen="0" sn="0" fieldName="FROM_OPTER">
                        <entId>2153210</entId>
                        <isPk>false</isPk>
                        <isNull>false</isNull>
                        <tableName></tableName>
                    </attributeList>
                    <attributeList name="PROC_INST_ID" description="流程实例ID" dataType="varchar" defaultValue="" format="" isRequired="0" attrLength="64" decimalLen="0" sn="0" fieldName="PROC_INST_ID">
                        <entId>2153210</entId>
                        <isPk>false</isPk>
                        <isNull>false</isNull>
                        <tableName></tableName>
                    </attributeList>
                    <attributeList name="PROC_DEF_KEY" description="流程定义KEY" dataType="varchar" defaultValue="" format="" isRequired="0" attrLength="64" decimalLen="0" sn="0" fieldName="PROC_DEF_KEY">
                        <entId>2153210</entId>
                        <isPk>false</isPk>
                        <isNull>false</isNull>
                        <tableName></tableName>
                    </attributeList>
                    <attributeList name="PROC_DEF_NAME" description="流程定义名" dataType="varchar" defaultValue="" format="" isRequired="0" attrLength="255" decimalLen="0" sn="0" fieldName="PROC_DEF_NAME">
                        <entId>2153210</entId>
                        <isPk>false</isPk>
                        <isNull>false</isNull>
                        <tableName></tableName>
                    </attributeList>
                    <attributeList name="BEF_HANDLE_UNKNOW" description="前処理不明" dataType="varchar" defaultValue="" format="" isRequired="0" attrLength="50" decimalLen="0" sn="0" fieldName="BEF_HANDLE_UNKNOW">
                        <entId>2153210</entId>
                        <isPk>false</isPk>
                        <isNull>false</isNull>
                        <tableName></tableName>
                    </attributeList>
                    <attributeList name="WORK_CENTER" description="作業拠点" dataType="varchar" defaultValue="" format="" isRequired="0" attrLength="50" decimalLen="0" sn="0" fieldName="WORK_CENTER">
                        <entId>2153210</entId>
                        <isPk>false</isPk>
                        <isNull>false</isNull>
                        <tableName></tableName>
                    </attributeList>
                    <attributeList name="BATCH_COVER_CODE" description="BATCH计上送付状番号" dataType="varchar" defaultValue="" format="" isRequired="0" attrLength="50" decimalLen="0" sn="0" fieldName="BATCH_COVER_CODE">
                        <entId>2153210</entId>
                        <isPk>false</isPk>
                        <isNull>false</isNull>
                        <tableName></tableName>
                    </attributeList>
                    <attributeList name="BATCH_COVER_ID" description="BATCH计上送付状表ID" dataType="varchar" defaultValue="" format="" isRequired="0" attrLength="64" decimalLen="0" sn="0" fieldName="BATCH_COVER_ID">
                        <entId>2153210</entId>
                        <isPk>false</isPk>
                        <isNull>false</isNull>
                        <tableName></tableName>
                    </attributeList>
                    <attributeList name="BATCH_COVER_FLAG" description="BATCH计上送付状有无状态" dataType="varchar" defaultValue="" format="" isRequired="0" attrLength="50" decimalLen="0" sn="0" fieldName="BATCH_COVER_FLAG">
                        <entId>2153210</entId>
                        <isPk>false</isPk>
                        <isNull>false</isNull>
                        <tableName></tableName>
                    </attributeList>
                    <attributeList name="DEL_FLAG_" description="删除标识 : 0=正常；1=删除" dataType="number" defaultValue="" format="" isRequired="0" attrLength="10" decimalLen="0" sn="0" fieldName="DEL_FLAG_">
                        <entId>2153210</entId>
                        <isPk>false</isPk>
                        <isNull>false</isNull>
                        <tableName></tableName>
                    </attributeList>
                    <attributeList name="CREATE_BY_" description="创建者" dataType="varchar" defaultValue="" format="" isRequired="0" attrLength="50" decimalLen="0" sn="0" fieldName="CREATE_BY_">
                        <entId>2153210</entId>
                        <isPk>false</isPk>
                        <isNull>false</isNull>
                        <tableName></tableName>
                    </attributeList>
                    <attributeList name="CREATE_TIME_" description="创建时间" dataType="date" defaultValue="" format="yyyy-MM-dd HH:mm:ss" isRequired="0" attrLength="0" decimalLen="0" sn="0" fieldName="CREATE_TIME_">
                        <entId>2153210</entId>
                        <isPk>false</isPk>
                        <isNull>false</isNull>
                        <tableName></tableName>
                    </attributeList>
                    <attributeList name="UPDATE_BY_" description="更新者" dataType="varchar" defaultValue="" format="" isRequired="0" attrLength="50" decimalLen="0" sn="0" fieldName="UPDATE_BY_">
                        <entId>2153210</entId>
                        <isPk>false</isPk>
                        <isNull>false</isNull>
                        <tableName></tableName>
                    </attributeList>
                    <attributeList name="UPDATE_TIME_" description="更新时间" dataType="date" defaultValue="" format="yyyy-MM-dd HH:mm:ss" isRequired="0" attrLength="0" decimalLen="0" sn="0" fieldName="UPDATE_TIME_">
                        <entId>2153210</entId>
                        <isPk>false</isPk>
                        <isNull>false</isNull>
                        <tableName></tableName>
                    </attributeList>
                    <attributeList name="SCAN_DATE" description="图片扫描日" dataType="varchar" defaultValue="" format="" isRequired="0" attrLength="50" decimalLen="0" sn="0" fieldName="SCAN_DATE">
                        <entId>2153210</entId>
                        <isPk>false</isPk>
                        <isNull>false</isNull>
                        <tableName></tableName>
                    </attributeList>
                    <attributeList name="MAIN_TYPE" description="種目" dataType="varchar" defaultValue="" format="" isRequired="0" attrLength="50" decimalLen="0" sn="0" fieldName="MAIN_TYPE">
                        <entId>2153210</entId>
                        <isPk>false</isPk>
                        <isNull>false</isNull>
                        <tableName></tableName>
                    </attributeList>
                    <attributeList name="MAIN_NAME" description="帳票種類名" dataType="varchar" defaultValue="" format="" isRequired="0" attrLength="255" decimalLen="0" sn="0" fieldName="MAIN_NAME">
                        <entId>2153210</entId>
                        <isPk>false</isPk>
                        <isNull>false</isNull>
                        <tableName></tableName>
                    </attributeList>
                    <attributeList name="state" description="案件状态" dataType="varchar" defaultValue="" format="" isRequired="0" attrLength="255" decimalLen="0" sn="0" fieldName="state">
                        <entId>2153210</entId>
                        <isPk>false</isPk>
                        <isNull>false</isNull>
                        <tableName></tableName>
                    </attributeList>
                    <ents/>
                    <show>子实体</show>
                    <relation>onetoone</relation>
                    <canEditTable>false</canEditTable>
                    <isPhotoMain>1</isPhotoMain>
                </ent>
                <ent name="casePhotoSon" description="案件图片信息表" packageId="" type="onetomany" tableName="photo_son" isExternal="1" pk="ID_" fk="master_id" pkType="varchar">
                    <createBy>1</createBy>
                    <createTime>2019-11-19T21:23:21+08:00</createTime>
                    <dsName>LOCAL</dsName>
                    <status>enabled</status>
                    <isCreateTable>1</isCreateTable>
                    <attributeList name="nodeNoShow" description="在某个节点是否隐藏" dataType="varchar" defaultValue="" format="" isRequired="0" attrLength="50" decimalLen="0" sn="0" fieldName="nodeNoShow">
                        <entId>2153249</entId>
                        <isPk>false</isPk>
                        <isNull>false</isNull>
                        <tableName></tableName>
                    </attributeList>
                    <attributeList name="MASTER_ID" description="外键" dataType="varchar" defaultValue="" format="" isRequired="0" attrLength="60" decimalLen="0" sn="0" fieldName="MASTER_ID">
                        <entId>2153249</entId>
                        <isPk>false</isPk>
                        <isNull>false</isNull>
                        <tableName></tableName>
                    </attributeList>
                    <attributeList name="CASE_NO" description="案件号" dataType="varchar" defaultValue="" format="" isRequired="0" attrLength="255" decimalLen="0" sn="0" fieldName="CASE_NO">
                        <entId>2153249</entId>
                        <isPk>false</isPk>
                        <isNull>false</isNull>
                        <tableName></tableName>
                    </attributeList>
                    <attributeList name="IMAGE_DESIGNATION" description="证券番号" dataType="varchar" defaultValue="" format="" isRequired="0" attrLength="255" decimalLen="0" sn="0" fieldName="IMAGE_DESIGNATION">
                        <entId>2153249</entId>
                        <isPk>false</isPk>
                        <isNull>false</isNull>
                        <tableName></tableName>
                    </attributeList>
                    <attributeList name="IMAGE_DESIGNATION_SUB" description="里书番号" dataType="varchar" defaultValue="" format="" isRequired="0" attrLength="255" decimalLen="0" sn="0" fieldName="IMAGE_DESIGNATION_SUB">
                        <entId>2153249</entId>
                        <isPk>false</isPk>
                        <isNull>false</isNull>
                        <tableName></tableName>
                    </attributeList>
                    <attributeList name="INDEX_CODE" description="枝番" dataType="varchar" defaultValue="" format="" isRequired="0" attrLength="50" decimalLen="0" sn="0" fieldName="INDEX_CODE">
                        <entId>2153249</entId>
                        <isPk>false</isPk>
                        <isNull>false</isNull>
                        <tableName></tableName>
                    </attributeList>
                    <attributeList name="QR_CODE" description="QRコードID" dataType="varchar" defaultValue="" format="" isRequired="0" attrLength="255" decimalLen="0" sn="0" fieldName="QR_CODE">
                        <entId>2153249</entId>
                        <isPk>false</isPk>
                        <isNull>false</isNull>
                        <tableName></tableName>
                    </attributeList>
                    <attributeList name="CLASS_NUMBER" description="分類号" dataType="varchar" defaultValue="" format="" isRequired="0" attrLength="60" decimalLen="0" sn="0" fieldName="CLASS_NUMBER">
                        <entId>2153249</entId>
                        <isPk>false</isPk>
                        <isNull>false</isNull>
                        <tableName></tableName>
                    </attributeList>
                    <attributeList name="BLOB_ID" description="存储ID" dataType="varchar" defaultValue="" format="" isRequired="0" attrLength="255" decimalLen="0" sn="0" fieldName="BLOB_ID">
                        <entId>2153249</entId>
                        <isPk>false</isPk>
                        <isNull>false</isNull>
                        <tableName></tableName>
                    </attributeList>
                    <attributeList name="PHOTO_URL" description="地址" dataType="clob" defaultValue="" format="" isRequired="0" attrLength="65535" decimalLen="0" sn="0" fieldName="PHOTO_URL">
                        <entId>2153249</entId>
                        <isPk>false</isPk>
                        <isNull>false</isNull>
                        <tableName></tableName>
                    </attributeList>
                    <attributeList name="PHOTO_NAME" description="图片名" dataType="varchar" defaultValue="" format="" isRequired="0" attrLength="60" decimalLen="0" sn="0" fieldName="PHOTO_NAME">
                        <entId>2153249</entId>
                        <isPk>false</isPk>
                        <isNull>false</isNull>
                        <tableName></tableName>
                    </attributeList>
                    <attributeList name="IMAGE_SCANNING_DAY" description="图像扫描日" dataType="varchar" defaultValue="" format="" isRequired="0" attrLength="80" decimalLen="0" sn="0" fieldName="IMAGE_SCANNING_DAY">
                        <entId>2153249</entId>
                        <isPk>false</isPk>
                        <isNull>false</isNull>
                        <tableName></tableName>
                    </attributeList>
                    <attributeList name="MAIN_SUB_FLAG" description="主付标志 :  1=主帳票;2=副帳票" dataType="number" defaultValue="" format="" isRequired="0" attrLength="10" decimalLen="0" sn="0" fieldName="MAIN_SUB_FLAG">
                        <entId>2153249</entId>
                        <isPk>false</isPk>
                        <isNull>false</isNull>
                        <tableName></tableName>
                    </attributeList>
                    <attributeList name="CAR_NO" description="車番号" dataType="varchar" defaultValue="" format="" isRequired="0" attrLength="255" decimalLen="0" sn="0" fieldName="CAR_NO">
                        <entId>2153249</entId>
                        <isPk>false</isPk>
                        <isNull>false</isNull>
                        <tableName></tableName>
                    </attributeList>
                    <attributeList name="STUB_TYPE" description="原票区分" dataType="varchar" defaultValue="" format="" isRequired="0" attrLength="255" decimalLen="0" sn="0" fieldName="STUB_TYPE">
                        <entId>2153249</entId>
                        <isPk>false</isPk>
                        <isNull>false</isNull>
                        <tableName></tableName>
                    </attributeList>
                    <attributeList name="PRINTED_NUMBER" description="印刷号" dataType="varchar" defaultValue="" format="" isRequired="0" attrLength="60" decimalLen="0" sn="0" fieldName="PRINTED_NUMBER">
                        <entId>2153249</entId>
                        <isPk>false</isPk>
                        <isNull>false</isNull>
                        <tableName></tableName>
                    </attributeList>
                    <attributeList name="PRINT_A_STRING" description="印刷连番" dataType="varchar" defaultValue="" format="" isRequired="0" attrLength="60" decimalLen="0" sn="0" fieldName="PRINT_A_STRING">
                        <entId>2153249</entId>
                        <isPk>false</isPk>
                        <isNull>false</isNull>
                        <tableName></tableName>
                    </attributeList>
                    <attributeList name="DEFAULT_TYPE" description="默认显示类型 : 1=点检默认;2=计上默认" dataType="number" defaultValue="" format="" isRequired="0" attrLength="10" decimalLen="0" sn="0" fieldName="DEFAULT_TYPE">
                        <entId>2153249</entId>
                        <isPk>false</isPk>
                        <isNull>false</isNull>
                        <tableName></tableName>
                    </attributeList>
                    <attributeList name="DEL_FLAG_" description="删除标识 : 0=正常；1=删除" dataType="number" defaultValue="" format="" isRequired="0" attrLength="10" decimalLen="0" sn="0" fieldName="DEL_FLAG_">
                        <entId>2153249</entId>
                        <isPk>false</isPk>
                        <isNull>false</isNull>
                        <tableName></tableName>
                    </attributeList>
                    <attributeList name="CREATE_BY_" description="创建者" dataType="varchar" defaultValue="" format="" isRequired="0" attrLength="50" decimalLen="0" sn="0" fieldName="CREATE_BY_">
                        <entId>2153249</entId>
                        <isPk>false</isPk>
                        <isNull>false</isNull>
                        <tableName></tableName>
                    </attributeList>
                    <attributeList name="CREATE_TIME_" description="创建时间" dataType="date" defaultValue="" format="yyyy-MM-dd HH:mm:ss" isRequired="0" attrLength="0" decimalLen="0" sn="0" fieldName="CREATE_TIME_">
                        <entId>2153249</entId>
                        <isPk>false</isPk>
                        <isNull>false</isNull>
                        <tableName></tableName>
                    </attributeList>
                    <attributeList name="UPDATE_BY_" description="更新者" dataType="varchar" defaultValue="" format="" isRequired="0" attrLength="50" decimalLen="0" sn="0" fieldName="UPDATE_BY_">
                        <entId>2153249</entId>
                        <isPk>false</isPk>
                        <isNull>false</isNull>
                        <tableName></tableName>
                    </attributeList>
                    <attributeList name="UPDATE_TIME_" description="更新时间" dataType="date" defaultValue="" format="yyyy-MM-dd HH:mm:ss" isRequired="0" attrLength="0" decimalLen="0" sn="0" fieldName="UPDATE_TIME_">
                        <entId>2153249</entId>
                        <isPk>false</isPk>
                        <isNull>false</isNull>
                        <tableName></tableName>
                    </attributeList>
                    <ents/>
                    <show>子实体</show>
                    <relation>onetomany</relation>
                    <canEditTable>false</canEditTable>
                    <isPhotoSon>1</isPhotoSon>
                </ent>
            </ents>
            <show>主实体</show>
            <relation>main</relation>
            <canEditTable>false</canEditTable>
        </ent>
        <categoryName>默认分类</categoryName>
        <rev>2</rev>
        <isPhoto>1</isPhoto>
    </bodef>
</bodefs>
