<?xml version="1.0" encoding="utf-8" standalone="yes"?>
<bpmlist>
    <bpmDef>
        <bpmDefinition name="jmeter测试流程" defKey="jmeterTest" desc="jmeter测试流程" status="deploy" testStatus="test" designer="WEB" supportMobile="0" rev="2">
            <createBy>1</createBy>
            <updateBy>1</updateBy>
            <createOrgId>608858</createOrgId>
            <createTime>2019-11-27T16:04:12+08:00</createTime>
            <updateTime>2019-11-27T16:04:35+08:00</updateTime>
            <bpmDefData>
                <defXml></defXml>
                <bpmnXml>&lt;ext:definitions xmlns:ext="http://www.jee-soft.cn/bpm" xmlns="http://www.omg.org/spec/BPMN/20100524/MODEL" xmlns:xsi="http://www.w3.org/2001/XMLSchema-instance" xmlns:xsd="http://www.w3.org/2001/XMLSchema" xmlns:activiti="http://activiti.org/bpmn" xmlns:bpmndi="http://www.omg.org/spec/BPMN/20100524/DI" xmlns:omgdc="http://www.omg.org/spec/DD/20100524/DC" xmlns:omgdi="http://www.omg.org/spec/DD/20100524/DI" xmlns:fn="http://www.w3.org/2005/02/xpath-functions" xmlns:ht="http://www.jee-soft.cn/BPMN20EXT" xmlns:user="http://www.jee-soft.cn/bpm/plugins/task/userAssign" typeLanguage="http://www.w3.org/2001/XMLSchema" expressionLanguage="http://www.w3.org/1999/XPath" targetNamespace="http://activiti.org/bpmn20"&gt;
  &lt;process id="jmeterTest" name="jmeter测试流程" isExecutable="true"&gt;
    &lt;extensionElements&gt;
      &lt;activiti:executionListener event="start" delegateExpression="${startEventListener}"/&gt;
      &lt;activiti:executionListener event="end" delegateExpression="${endEventListener}"/&gt;
    &lt;/extensionElements&gt;
    &lt;startEvent id="StartEvent1" name="开始1" activiti:initiator="startUser"/&gt;
    &lt;userTask id="UserTask1" name="用户任务1"&gt;
      &lt;extensionElements&gt;
        &lt;activiti:taskListener event="create" delegateExpression="${taskCreateListener}"/&gt;
        &lt;activiti:taskListener event="complete" delegateExpression="${taskCompleteListener}"/&gt;
      &lt;/extensionElements&gt;
    &lt;/userTask&gt;
    &lt;sequenceFlow id="sid-3066D383-2EA4-4650-9C2A-20FACA69A1F5" sourceRef="StartEvent1" targetRef="UserTask1"/&gt;
    &lt;userTask id="UserTask2" name="用户任务2"&gt;
      &lt;extensionElements&gt;
        &lt;activiti:taskListener event="create" delegateExpression="${taskCreateListener}"/&gt;
        &lt;activiti:taskListener event="complete" delegateExpression="${taskCompleteListener}"/&gt;
      &lt;/extensionElements&gt;
    &lt;/userTask&gt;
    &lt;sequenceFlow id="sid-53AC9F01-E074-40D5-8888-282EBBE997E2" sourceRef="UserTask1" targetRef="UserTask2"/&gt;
    &lt;endEvent id="EndEvent1" name="结束1"/&gt;
    &lt;sequenceFlow id="sid-E247725E-9F71-48D8-A983-6D55A24291E6" sourceRef="UserTask2" targetRef="EndEvent1"/&gt;
  &lt;/process&gt;
  &lt;bpmndi:BPMNDiagram id="BPMNDiagram_jmeterTest"&gt;
    &lt;bpmndi:BPMNPlane bpmnElement="jmeterTest" id="BPMNPlane_jmeterTest"&gt;
      &lt;bpmndi:BPMNShape bpmnElement="StartEvent1" id="BPMNShape_StartEvent1"&gt;
        &lt;omgdc:Bounds height="30.0" width="30.0" x="136.0" y="121.0"/&gt;
      &lt;/bpmndi:BPMNShape&gt;
      &lt;bpmndi:BPMNShape bpmnElement="UserTask1" id="BPMNShape_UserTask1"&gt;
        &lt;omgdc:Bounds height="46.0" width="100.0" x="211.0" y="113.0"/&gt;
      &lt;/bpmndi:BPMNShape&gt;
      &lt;bpmndi:BPMNShape bpmnElement="UserTask2" id="BPMNShape_UserTask2"&gt;
        &lt;omgdc:Bounds height="46.0" width="100.0" x="356.0" y="113.0"/&gt;
      &lt;/bpmndi:BPMNShape&gt;
      &lt;bpmndi:BPMNShape bpmnElement="EndEvent1" id="BPMNShape_EndEvent1"&gt;
        &lt;omgdc:Bounds height="28.0" width="28.0" x="501.0" y="122.0"/&gt;
      &lt;/bpmndi:BPMNShape&gt;
      &lt;bpmndi:BPMNEdge bpmnElement="sid-53AC9F01-E074-40D5-8888-282EBBE997E2" id="BPMNEdge_sid-53AC9F01-E074-40D5-8888-282EBBE997E2"&gt;
        &lt;omgdi:waypoint x="311.0" y="136.0"/&gt;
        &lt;omgdi:waypoint x="356.0" y="136.0"/&gt;
      &lt;/bpmndi:BPMNEdge&gt;
      &lt;bpmndi:BPMNEdge bpmnElement="sid-3066D383-2EA4-4650-9C2A-20FACA69A1F5" id="BPMNEdge_sid-3066D383-2EA4-4650-9C2A-20FACA69A1F5"&gt;
        &lt;omgdi:waypoint x="166.0" y="136.0"/&gt;
        &lt;omgdi:waypoint x="211.0" y="136.0"/&gt;
      &lt;/bpmndi:BPMNEdge&gt;
      &lt;bpmndi:BPMNEdge bpmnElement="sid-E247725E-9F71-48D8-A983-6D55A24291E6" id="BPMNEdge_sid-E247725E-9F71-48D8-A983-6D55A24291E6"&gt;
        &lt;omgdi:waypoint x="456.0" y="136.0"/&gt;
        &lt;omgdi:waypoint x="501.0" y="136.0"/&gt;
      &lt;/bpmndi:BPMNEdge&gt;
    &lt;/bpmndi:BPMNPlane&gt;
  &lt;/bpmndi:BPMNDiagram&gt;
  &lt;ext:extProcess&gt;
    &lt;ext:extNodes&gt;
      &lt;ext:baseNode nodeType="common" name="开始1" bpmnElement="StartEvent1"&gt;
        &lt;ext:extPlugins/&gt;
      &lt;ext:propers&gt;&lt;ext:item allowExecutorEmpty="false" backMode="normal" backNode="" backUserMode="" jumpType="" notifyType="" parentDefKey="local_" postHandler="" prevHandler="" skipExecutorEmpty="false" dateType="worktime" dueTime="0" popWin="true" choiceExcutor=""/&gt;&lt;/ext:propers&gt;&lt;/ext:baseNode&gt;
      &lt;ext:userNode nodeType="common" name="用户任务1" bpmnElement="UserTask1"&gt;
        &lt;ext:extPlugins/&gt;
      &lt;ext:propers&gt;&lt;ext:item allowExecutorEmpty="false" backMode="normal" backNode="" backUserMode="" jumpType="" notifyType="" parentDefKey="local_" postHandler="" prevHandler="" skipExecutorEmpty="false" dateType="worktime" dueTime="0" popWin="true" choiceExcutor=""/&gt;&lt;/ext:propers&gt;&lt;/ext:userNode&gt;
      &lt;ext:userNode nodeType="common" name="用户任务2" bpmnElement="UserTask2"&gt;
        &lt;ext:extPlugins&gt;&lt;userAssign xmlns="http://www.jee-soft.cn/bpm/plugins/task/userAssign"&gt;&lt;userRule xmlns="http://www.jee-soft.cn/bpm/plugins/userCalc/base" groupNo="1"&gt;&lt;description&gt;发起人&lt;/description&gt;&lt;condition&gt;{"junction":"and","condition":[]}&lt;/condition&gt;&lt;conditionMode/&gt;&lt;parentFlowkey&gt;local_&lt;/parentFlowkey&gt;&lt;calcs&gt;&lt;cusers xmlns="http://www.jee-soft.cn/bpm/plugins/userCalc/cusers" extract="no" logicCal="or" source="start"&gt;&lt;/cusers&gt;&lt;/calcs&gt;&lt;/userRule&gt;&lt;/userAssign&gt;&lt;/ext:extPlugins&gt;
      &lt;ext:propers&gt;&lt;ext:item allowExecutorEmpty="false" backMode="normal" backNode="" backUserMode="history" jumpType="" notifyType="" parentDefKey="local_" postHandler="" prevHandler="" skipExecutorEmpty="false" dateType="worktime" dueTime="0" popWin="true" choiceExcutor=""/&gt;&lt;/ext:propers&gt;&lt;/ext:userNode&gt;
      &lt;ext:baseNode nodeType="common" name="结束1" bpmnElement="EndEvent1"&gt;
        &lt;ext:extPlugins/&gt;
      &lt;/ext:baseNode&gt;
    &lt;/ext:extNodes&gt;
    &lt;ext:extProperties&gt;
      &lt;ext:subjectRule/&gt;
      &lt;ext:description/&gt;
      &lt;ext:startNotifyType/&gt;
      &lt;ext:archiveNotifyType/&gt;
      &lt;ext:skipFirstNode/&gt;
      &lt;ext:firstNodeUserAssign/&gt;
      &lt;ext:skipSameUser/&gt;
      &lt;ext:allowCopyTo/&gt;
      &lt;ext:allowTransTo/&gt;
      &lt;ext:useMainForm/&gt;
      &lt;ext:allowReference/&gt;
      &lt;ext:allowRefCounts/&gt;
    &lt;/ext:extProperties&gt;
  &lt;ext:boList saveMode="database"&gt;
&lt;ext:boDef isRequired="0" key="qyjsCaseModel" name="qyjsCaseModel"/&gt;
&lt;/ext:boList&gt;&lt;ext:globalForm&gt;&lt;ext:form formValue="dkbd" name="代勘表单" parentFlowKey="local_" type="inner"/&gt;&lt;/ext:globalForm&gt;&lt;ext:instForm/&gt;&lt;ext:extPlugins&gt;
&lt;/ext:extPlugins&gt;&lt;/ext:extProcess&gt;
&lt;/ext:definitions&gt;</bpmnXml>
                <defJson>{"resourceId":"sid-7D8CB104-0A62-4A8A-A86D-57B56D79E9E5","properties":{"process_id":"jmeterTest","name":"jmeter测试流程","documentation":"","process_author":"","process_version":"","process_namespace":"http://www.activiti.org/processdef","executionlisteners":{"executionListeners":[{"event":"start","delegateExpression":"${startEventListener}"},{"event":"end","delegateExpression":"${endEventListener}"}]}},"stencil":{"id":"BPMNDiagram"},"childShapes":[{"resourceId":"sid-42D08E5D-75F0-4AA9-A3F6-DAB5B8B33F1F","properties":{"overrideid":"StartEvent1","name":"开始1","initiator":"startUser"},"stencil":{"id":"StartEvent"},"childShapes":[],"outgoing":[{"resourceId":"sid-3066D383-2EA4-4650-9C2A-20FACA69A1F5"}],"bounds":{"lowerRight":{"x":166,"y":151},"upperLeft":{"x":136,"y":121}},"dockers":[]},{"resourceId":"sid-0D80596D-F3B8-43BC-AF57-B6BED16D79B1","properties":{"overrideid":"UserTask1","name":"用户任务1","tasklisteners":{"taskListeners":[{"event":"create","delegateExpression":"${taskCreateListener}"},{"event":"complete","delegateExpression":"${taskCompleteListener}"}]}},"stencil":{"id":"UserTask"},"childShapes":[],"outgoing":[{"resourceId":"sid-53AC9F01-E074-40D5-8888-282EBBE997E2"}],"bounds":{"lowerRight":{"x":311,"y":159},"upperLeft":{"x":211,"y":113}},"dockers":[]},{"resourceId":"sid-3066D383-2EA4-4650-9C2A-20FACA69A1F5","properties":{"overrideid":"","name":"","documentation":"","conditionsequenceflow":"","defaultflow":"false"},"stencil":{"id":"SequenceFlow"},"childShapes":[],"outgoing":[{"resourceId":"sid-0D80596D-F3B8-43BC-AF57-B6BED16D79B1"}],"bounds":{"lowerRight":{"x":210.15625,"y":136},"upperLeft":{"x":166.609375,"y":136}},"dockers":[{"x":15,"y":15},{"x":50,"y":23}],"target":{"resourceId":"sid-0D80596D-F3B8-43BC-AF57-B6BED16D79B1"}},{"resourceId":"sid-015CCDA2-6E03-4D4E-AC43-DC674A59B3C6","properties":{"overrideid":"UserTask2","name":"用户任务2","tasklisteners":{"taskListeners":[{"event":"create","delegateExpression":"${taskCreateListener}"},{"event":"complete","delegateExpression":"${taskCompleteListener}"}]}},"stencil":{"id":"UserTask"},"childShapes":[],"outgoing":[{"resourceId":"sid-E247725E-9F71-48D8-A983-6D55A24291E6"}],"bounds":{"lowerRight":{"x":456,"y":159},"upperLeft":{"x":356,"y":113}},"dockers":[]},{"resourceId":"sid-53AC9F01-E074-40D5-8888-282EBBE997E2","properties":{"overrideid":"","name":"","documentation":"","conditionsequenceflow":"","defaultflow":"false"},"stencil":{"id":"SequenceFlow"},"childShapes":[],"outgoing":[{"resourceId":"sid-015CCDA2-6E03-4D4E-AC43-DC674A59B3C6"}],"bounds":{"lowerRight":{"x":355.15625,"y":136},"upperLeft":{"x":311.84375,"y":136}},"dockers":[{"x":50,"y":23},{"x":50,"y":23}],"target":{"resourceId":"sid-015CCDA2-6E03-4D4E-AC43-DC674A59B3C6"}},{"resourceId":"sid-1021C63B-0561-4532-BE9E-C5A64644214B","properties":{"overrideid":"EndEvent1","name":"结束1","documentation":""},"stencil":{"id":"EndEvent"},"childShapes":[],"outgoing":[],"bounds":{"lowerRight":{"x":529,"y":150},"upperLeft":{"x":501,"y":122}},"dockers":[]},{"resourceId":"sid-E247725E-9F71-48D8-A983-6D55A24291E6","properties":{"overrideid":"","name":"","documentation":"","conditionsequenceflow":"","defaultflow":"false"},"stencil":{"id":"SequenceFlow"},"childShapes":[],"outgoing":[{"resourceId":"sid-1021C63B-0561-4532-BE9E-C5A64644214B"}],"bounds":{"lowerRight":{"x":500.375,"y":136},"upperLeft":{"x":456.390625,"y":136}},"dockers":[{"x":50,"y":23},{"x":14,"y":14}],"target":{"resourceId":"sid-1021C63B-0561-4532-BE9E-C5A64644214B"}}],"bounds":{"lowerRight":{"x":1200,"y":1050},"upperLeft":{"x":0,"y":0}},"stencilset":{"url":"stencilsets/bpmn2.0/bpmn2.0.json","namespace":"http://b3mn.org/stencilset/bpmn2.0#"},"ssextensions":[]}</defJson>
            </bpmDefData>
        </bpmDefinition>
    </bpmDef>
</bpmlist>
