<?xml version="1.0" encoding="utf-8" standalone="yes"?>
<bpmFormImport>
    <formXml>
        <bpmForm>
            <createBy>1</createBy>
            <updateBy>1</updateBy>
            <createOrgId>608858</createOrgId>
            <createTime>2019-11-19T21:23:22+08:00</createTime>
            <updateTime>2019-11-19T21:23:22+08:00</updateTime>
            <id>1773214</id>
            <defId>2153388</defId>
            <formKey>dkbd</formKey>
            <name>代勘表单</name>
            <formHtml>
&lt;table class="form-table" cellspacing="0" cellpadding="0" border="0"&gt;
  &lt;tbody&gt;
    	&lt;tr  @click="transitionIndex = -1"&gt;
     	 &lt;th class="group-th" colspan="2"&gt;&lt;/th&gt;
   	    &lt;/tr&gt;
      &lt;!--子表单--&gt;
        &lt;!--一对一的子表折叠效果--&gt;
            &lt;tr v-if="!permission.table.casePhotoMaster.hidden"&gt;
              &lt;td colspan="2"&gt;
&lt;el-collapse value="casePhotoMaster" accordion&gt;
&lt;el-collapse-item title="基本情報" name="casePhotoMaster"&gt;
&lt;table class="form-table" cellspacing="0" cellpadding="0" border="0"&gt;
    &lt;tbody v-for="(item, index) in data.qyjsCaseModel.sub_casePhotoMaster" :key="index" :class="{'transition':index==transitionIndex}" :data-index="index" data-subname="data.qyjsCaseModel.sub_casePhotoMaster"&gt;
    &lt;tr v-permit="2" @click="transitionIndex = -1"&gt;
    &lt;/tr&gt;
    &lt;tr v-permit="2" @click="transitionIndex = -1"&gt;
              &lt;th style="border-left: 1px solid #f9f9f9;" width="20%" v-if="permission.fields.casePhotoMaster.PRIMARY_DESIGNATION!='n'"&gt;
                  &lt;span v-if="permission.fields.casePhotoMaster.PRIMARY_DESIGNATION=='b'"&gt;*&lt;/span&gt;
                  证券番号：
              &lt;/th&gt;
              &lt;td class="form-main-td" width=""  v-if="permission.fields.casePhotoMaster.PRIMARY_DESIGNATION!='n'"&gt;
		&lt;ht-input v-model="item.PRIMARY_DESIGNATION" :permission="permission.fields.casePhotoMaster.PRIMARY_DESIGNATION"  atter="item.PRIMARY_DESIGNATION" attr="item.PRIMARY_DESIGNATION" :validate='{"required":false,"max":50}' inputType='text'  style="font-weight:normal;"/&gt;


              &lt;/td&gt;
    &lt;/tr&gt;
    &lt;tr v-permit="2" @click="transitionIndex = -1"&gt;
              &lt;th style="border-left: 1px solid #f9f9f9;" width="20%" v-if="permission.fields.casePhotoMaster.PRIMARY_DESIGNATION_SUB!='n'"&gt;
                  &lt;span v-if="permission.fields.casePhotoMaster.PRIMARY_DESIGNATION_SUB=='b'"&gt;*&lt;/span&gt;
                  裏書番号：
              &lt;/th&gt;
              &lt;td class="form-main-td" width=""  v-if="permission.fields.casePhotoMaster.PRIMARY_DESIGNATION_SUB!='n'"&gt;
		&lt;ht-input v-model="item.PRIMARY_DESIGNATION_SUB" :permission="permission.fields.casePhotoMaster.PRIMARY_DESIGNATION_SUB"  atter="item.PRIMARY_DESIGNATION_SUB" attr="item.PRIMARY_DESIGNATION_SUB" :validate='{"required":false,"max":50}' inputType='text'  style="font-weight:normal;"/&gt;


              &lt;/td&gt;
    &lt;/tr&gt;
    &lt;tr v-permit="2" @click="transitionIndex = -1"&gt;
              &lt;th style="border-left: 1px solid #f9f9f9;" width="20%" v-if="permission.fields.casePhotoMaster.DEPARTMENT_CODE!='n'"&gt;
                  &lt;span v-if="permission.fields.casePhotoMaster.DEPARTMENT_CODE=='b'"&gt;*&lt;/span&gt;
                  課店コード：
              &lt;/th&gt;
              &lt;td class="form-main-td" width=""  v-if="permission.fields.casePhotoMaster.DEPARTMENT_CODE!='n'"&gt;
		&lt;ht-input v-model="item.DEPARTMENT_CODE" :permission="permission.fields.casePhotoMaster.DEPARTMENT_CODE"  atter="item.DEPARTMENT_CODE" attr="item.DEPARTMENT_CODE" :validate='{"required":false,"max":60}' inputType='text'  style="font-weight:normal;"/&gt;


              &lt;/td&gt;
    &lt;/tr&gt;
    &lt;tr v-permit="2" @click="transitionIndex = -1"&gt;
              &lt;th style="border-left: 1px solid #f9f9f9;" width="20%" v-if="permission.fields.casePhotoMaster.STORE_CODE!='n'"&gt;
                  &lt;span v-if="permission.fields.casePhotoMaster.STORE_CODE=='b'"&gt;*&lt;/span&gt;
                  代理店コード：
              &lt;/th&gt;
              &lt;td class="form-main-td" width=""  v-if="permission.fields.casePhotoMaster.STORE_CODE!='n'"&gt;
		&lt;ht-input v-model="item.STORE_CODE" :permission="permission.fields.casePhotoMaster.STORE_CODE"  atter="item.STORE_CODE" attr="item.STORE_CODE" :validate='{"required":false,"max":60}' inputType='text'  style="font-weight:normal;"/&gt;


              &lt;/td&gt;
    &lt;/tr&gt;
    &lt;tr v-permit="2" @click="transitionIndex = -1"&gt;
              &lt;th style="border-left: 1px solid #f9f9f9;" width="20%" v-if="permission.fields.casePhotoMaster.APPLICANT_NAME!='n'"&gt;
                  &lt;span v-if="permission.fields.casePhotoMaster.APPLICANT_NAME=='b'"&gt;*&lt;/span&gt;
                  契約者名：
              &lt;/th&gt;
              &lt;td class="form-main-td" width=""  v-if="permission.fields.casePhotoMaster.APPLICANT_NAME!='n'"&gt;
&lt;ht-textarea type="text" v-model="item.APPLICANT_NAME" id="itemAPPLICANT_NAME" :permission="permission.fields.casePhotoMaster.APPLICANT_NAME" /&gt;

              &lt;/td&gt;
    &lt;/tr&gt;
    &lt;tr v-permit="2" @click="transitionIndex = -1"&gt;
              &lt;th style="border-left: 1px solid #f9f9f9;" width="20%" v-if="permission.fields.casePhotoMaster.APPLICANT_KANA!='n'"&gt;
                  &lt;span v-if="permission.fields.casePhotoMaster.APPLICANT_KANA=='b'"&gt;*&lt;/span&gt;
                  契約者名（カナ）：
              &lt;/th&gt;
              &lt;td class="form-main-td" width=""  v-if="permission.fields.casePhotoMaster.APPLICANT_KANA!='n'"&gt;
		&lt;ht-input v-model="item.APPLICANT_KANA" :permission="permission.fields.casePhotoMaster.APPLICANT_KANA"  atter="item.APPLICANT_KANA" attr="item.APPLICANT_KANA" :validate='{"required":false,"max":60}' inputType='text'  style="font-weight:normal;"/&gt;


              &lt;/td&gt;
    &lt;/tr&gt;
    &lt;/tbody&gt;
&lt;/table&gt;
&lt;/el-collapse-item&gt;
&lt;/el-collapse&gt;
              &lt;/td&gt;
            &lt;/tr&gt;
      &lt;!--子表单--&gt;
        &lt;!--一对一的子表折叠效果--&gt;
        &lt;!--一对多的子表折叠效果加标签效果--&gt;         
          &lt;tr v-if="!permission.table.casePhotoSon.hidden"&gt;
          	&lt;td colspan="2"&gt;
              &lt;el-collapse accordion&gt;
                &lt;el-collapse-item title="帳票" name="1"&gt;
                  &lt;el-tabs type="border-card" @tab-click="formTabClick" :value="formTabName"&gt;
  &lt;el-tab-pane  v-for="(item, index) in data.qyjsCaseModel.sub_casePhotoSon.filter(obj=&gt;{return isShowImg(obj)})"   :name="index.toString()" :key="index" :class="{'transition':index==transitionIndex}" :data-index="index" data-subname="data.qyjsCaseModel.sub_casePhotoSon" :label="(index+1).toString()" &gt;
  &lt;table class="form-table" cellspacing="0" cellpadding="0" border="0"&gt;
    &lt;tbody&gt;
    &lt;tr v-permit="2" @click="transitionIndex = -1"&gt;
    &lt;/tr&gt;
    &lt;tr v-permit="2" @click="transitionIndex = -1"&gt;
              &lt;th style="border-left: 1px solid #f9f9f9;" width="20%" v-if="permission.fields.casePhotoSon.PHOTO_NAME!='n'"&gt;
                  &lt;span v-if="permission.fields.casePhotoSon.PHOTO_NAME=='b'"&gt;*&lt;/span&gt;
                  書類名：
              &lt;/th&gt;
              &lt;td width=""  v-if="permission.fields.casePhotoSon.PHOTO_NAME!='n'"&gt;
&lt;ht-textarea type="text" v-model="item.PHOTO_NAME" id="itemPHOTO_NAME" :permission="permission.fields.casePhotoSon.PHOTO_NAME" /&gt;

              &lt;/td&gt;
    &lt;/tr&gt;
    &lt;tr v-permit="2" @click="transitionIndex = -1"&gt;
              &lt;th style="border-left: 1px solid #f9f9f9;" width="20%" v-if="permission.fields.casePhotoSon.MAIN_SUB_FLAG!='n'"&gt;
                  &lt;span v-if="permission.fields.casePhotoSon.MAIN_SUB_FLAG=='b'"&gt;*&lt;/span&gt;
                  主/副：
              &lt;/th&gt;
              &lt;td width=""  v-if="permission.fields.casePhotoSon.MAIN_SUB_FLAG!='n'"&gt;
		&lt;ht-input v-model="item.MAIN_SUB_FLAG" :permission="permission.fields.casePhotoSon.MAIN_SUB_FLAG"  atter="item.MAIN_SUB_FLAG" attr="item.MAIN_SUB_FLAG" :validate='{"required":false,"max":10,"decimal":"0"}' inputType='text'  style="font-weight:normal;"/&gt;


              &lt;/td&gt;
    &lt;/tr&gt;
    &lt;tr v-permit="2" @click="transitionIndex = -1"&gt;
              &lt;th style="border-left: 1px solid #f9f9f9;" width="20%" v-if="permission.fields.casePhotoSon.CLASS_NUMBER!='n'"&gt;
                  &lt;span v-if="permission.fields.casePhotoSon.CLASS_NUMBER=='b'"&gt;*&lt;/span&gt;
                  分類番号：
              &lt;/th&gt;
              &lt;td width=""  v-if="permission.fields.casePhotoSon.CLASS_NUMBER!='n'"&gt;
		&lt;ht-input v-model="item.CLASS_NUMBER" :permission="permission.fields.casePhotoSon.CLASS_NUMBER"  atter="item.CLASS_NUMBER" attr="item.CLASS_NUMBER" :validate='{"required":false,"max":60}' inputType='text'  style="font-weight:normal;"/&gt;


              &lt;/td&gt;
    &lt;/tr&gt;
    &lt;tr v-permit="2" @click="transitionIndex = -1"&gt;
              &lt;th style="border-left: 1px solid #f9f9f9;" width="20%" v-if="permission.fields.casePhotoSon.INDEX_CODE!='n'"&gt;
                  &lt;span v-if="permission.fields.casePhotoSon.INDEX_CODE=='b'"&gt;*&lt;/span&gt;
                  枝番：
              &lt;/th&gt;
              &lt;td width=""  v-if="permission.fields.casePhotoSon.INDEX_CODE!='n'"&gt;
		&lt;ht-input v-model="item.INDEX_CODE" :permission="permission.fields.casePhotoSon.INDEX_CODE"  atter="item.INDEX_CODE" attr="item.INDEX_CODE" :validate='{"required":false,"max":50}' inputType='text'  style="font-weight:normal;"/&gt;


              &lt;/td&gt;
    &lt;/tr&gt;
    &lt;tr v-permit="2" @click="transitionIndex = -1"&gt;
              &lt;th style="border-left: 1px solid #f9f9f9;" width="20%" v-if="permission.fields.casePhotoSon.CAR_NO!='n'"&gt;
                  &lt;span v-if="permission.fields.casePhotoSon.CAR_NO=='b'"&gt;*&lt;/span&gt;
                  車番号：
              &lt;/th&gt;
              &lt;td width=""  v-if="permission.fields.casePhotoSon.CAR_NO!='n'"&gt;
		&lt;ht-input v-model="item.CAR_NO" :permission="permission.fields.casePhotoSon.CAR_NO"  atter="item.CAR_NO" attr="item.CAR_NO" :validate='{"required":false,"max":255}' inputType='text'  style="font-weight:normal;"/&gt;


              &lt;/td&gt;
    &lt;/tr&gt;
    &lt;tr v-permit="2" @click="transitionIndex = -1"&gt;
              &lt;th style="border-left: 1px solid #f9f9f9;" width="20%" v-if="permission.fields.casePhotoSon.STUB_TYPE!='n'"&gt;
                  &lt;span v-if="permission.fields.casePhotoSon.STUB_TYPE=='b'"&gt;*&lt;/span&gt;
                  原票区分：
              &lt;/th&gt;
              &lt;td width=""  v-if="permission.fields.casePhotoSon.STUB_TYPE!='n'"&gt;
		&lt;ht-input v-model="item.STUB_TYPE" :permission="permission.fields.casePhotoSon.STUB_TYPE"  atter="item.STUB_TYPE" attr="item.STUB_TYPE" :validate='{"required":false,"max":255}' inputType='text'  style="font-weight:normal;"/&gt;


              &lt;/td&gt;
    &lt;/tr&gt;
    &lt;/tbody&gt;
  &lt;/table&gt;
  &lt;/el-tab-pane&gt;
                  &lt;/el-tabs&gt;
                &lt;/el-collapse-item&gt;
          		&lt;/el-collapse&gt;
            &lt;/td&gt;
          &lt;/tr&gt;
      &lt;!--子表单--&gt;
      &lt;!--主表单--&gt;
        &lt;tr v-permit="2" class="form-main" @click="transitionIndex = -1"&gt;
            &lt;th width="20%" v-if="permission.fields.caseFlag.zl!='n'" style="font-weight:normal;"&gt;
              &lt;span v-if="permission.fields.caseFlag.zl=='b'"&gt;*&lt;/span&gt;
					種類：
            &lt;/th&gt;
            &lt;td width=""  v-if="permission.fields.caseFlag.zl!='n'"&gt;
			&lt;ht-select v-model="data.qyjsCaseModel.zl" :permission="permission.fields.caseFlag.zl" :selectlist='[{"key":"1","value":"異動のみ"},{"key":"2","value":"異動増"},{"key":"3","value":"異動減"},{"key":"4","value":"返戻"},{"key":"5","value":"ゼロ円解約"},{"key":"6","value":"新規"},{"key":"7","value":"更改"}]'  :validate='{"required":false,"max":50}' /&gt;


            &lt;/td&gt;
        &lt;/tr&gt;
      &lt;!--子表单--&gt;
      &lt;!--主表单--&gt;
        &lt;tr v-permit="2" class="form-main" @click="transitionIndex = -1"&gt;
            &lt;th width="20%" v-if="permission.fields.caseFlag.clll!='n'" style="font-weight:normal;"&gt;
              &lt;span v-if="permission.fields.caseFlag.clll=='b'"&gt;*&lt;/span&gt;
					処理履歴：
            &lt;/th&gt;
            &lt;td width=""  v-if="permission.fields.caseFlag.clll!='n'"&gt;
		&lt;ht-input v-model="data.qyjsCaseModel.clll" :permission="permission.fields.caseFlag.clll"  atter="data.qyjsCaseModel.clll" attr="data.qyjsCaseModel.clll" :validate='{"required":false,"max":50}' inputType='text'  style="font-weight:normal;"/&gt;


            &lt;/td&gt;
        &lt;/tr&gt;
      &lt;!--子表单--&gt;
      &lt;!--主表单--&gt;
        &lt;tr v-permit="2" class="form-main" @click="transitionIndex = -1"&gt;
            &lt;th width="20%" v-if="permission.fields.caseFlag.zfjeyen!='n'" style="font-weight:normal;"&gt;
              &lt;span v-if="permission.fields.caseFlag.zfjeyen=='b'"&gt;*&lt;/span&gt;
					支払金額(円)：
            &lt;/th&gt;
            &lt;td width=""  v-if="permission.fields.caseFlag.zfjeyen!='n'"&gt;
		&lt;ht-input v-model="data.qyjsCaseModel.zfjeyen" :permission="permission.fields.caseFlag.zfjeyen"  atter="data.qyjsCaseModel.zfjeyen" attr="data.qyjsCaseModel.zfjeyen" :validate='{"required":true,"max":50}' inputType='text'  style="font-weight:normal;"/&gt;


            &lt;/td&gt;
        &lt;/tr&gt;
      &lt;!--子表单--&gt;
      &lt;!--主表单--&gt;
        &lt;tr v-permit="2" class="form-main" @click="transitionIndex = -1"&gt;
            &lt;th width="20%" v-if="permission.fields.caseFlag.zfr!='n'" style="font-weight:normal;"&gt;
              &lt;span v-if="permission.fields.caseFlag.zfr=='b'"&gt;*&lt;/span&gt;
					支払日：
            &lt;/th&gt;
            &lt;td width=""  v-if="permission.fields.caseFlag.zfr!='n'"&gt;
		&lt;ht-input v-model="data.qyjsCaseModel.zfr" :permission="permission.fields.caseFlag.zfr"  atter="data.qyjsCaseModel.zfr" attr="data.qyjsCaseModel.zfr" :validate='{"required":true,"max":50}' inputType='text'  style="font-weight:normal;"/&gt;


            &lt;/td&gt;
        &lt;/tr&gt;
      &lt;!--子表单--&gt;
      &lt;!--主表单--&gt;
        &lt;tr v-permit="2" class="form-main" @click="transitionIndex = -1"&gt;
            &lt;th width="20%" v-if="permission.fields.caseFlag.dkgroupcomment!='n'" style="font-weight:normal;"&gt;
              &lt;span v-if="permission.fields.caseFlag.dkgroupcomment=='b'"&gt;*&lt;/span&gt;
					代勘チームへコメント：
            &lt;/th&gt;
            &lt;td width=""  v-if="permission.fields.caseFlag.dkgroupcomment!='n'"&gt;
&lt;ht-textarea type="text" v-model="data.qyjsCaseModel.dkgroupcomment" id="dataqyjsCaseModeldkgroupcomment" :permission="permission.fields.caseFlag.dkgroupcomment" /&gt;

            &lt;/td&gt;
        &lt;/tr&gt;
      &lt;!--子表单--&gt;
      &lt;!--主表单--&gt;
        &lt;tr v-permit="2" class="form-main" @click="transitionIndex = -1"&gt;
            &lt;th width="20%" v-if="permission.fields.caseFlag.zzdyl!='n'" style="font-weight:normal;"&gt;
              &lt;span v-if="permission.fields.caseFlag.zzdyl=='b'"&gt;*&lt;/span&gt;
					再振込依頼：
            &lt;/th&gt;
            &lt;td width=""  v-if="permission.fields.caseFlag.zzdyl!='n'"&gt;
		&lt;ht-radio v-model="data.qyjsCaseModel.zzdyl"   :ganged="{'bind':{}}" :permission="permission.fields.caseFlag.zzdyl" rdlist='[{"key":"1","value":"要"},{"key":"2","value":"不要"}]' :validate='{"required":false,"max":50}'  /&gt;

            &lt;/td&gt;
        &lt;/tr&gt;
  &lt;/tbody&gt;
&lt;/table&gt;</formHtml>
            <status>deploy</status>
            <isMain>89</isMain>
            <version>1</version>
            <typeId>139598</typeId>
            <typeName>默认分类</typeName>
            <busDataTemplateCount>0</busDataTemplateCount>
            <versionCount>0</versionCount>
            <formType>pc</formType>
        </bpmForm>
        <bpmFormDef>
            <createBy>1</createBy>
            <updateBy>1</updateBy>
            <createOrgId>608858</createOrgId>
            <createTime>2019-10-30T17:54:45+08:00</createTime>
            <updateTime>2019-11-24T21:23:05+08:00</updateTime>
            <id>2153388</id>
            <key>dkbd</key>
            <name>代勘表单</name>
            <type>默认分类</type>
            <typeId>139598</typeId>
            <desc></desc>
            <expand>{"fields":[{"name":"caseFlag","desc":"案件相关情报控制表","path":"qyjsCaseModel","type":"main","fieldType":"main","boAttrId":"2153144","boDefId":"2153143","entId":"2153144","sn":0,"attrLength":0,"decimal":0,"validRule":{"required":false},"required":false,"relation":"main","option":{},"children":[{"name":"casePhotoMaster","desc":"基本情報","path":"qyjsCaseModel.sub_casePhotoMaster","type":"sub","fieldType":"sub","boAttrId":"583005","entId":"2153144","sn":1,"attrLength":0,"decimal":0,"validRule":{"required":false},"required":false,"relation":"onetoone","option":{},"children":[{"name":"PRIMARY_DESIGNATION","desc":"证券番号","path":"qyjsCaseModel.sub_casePhotoMaster","type":"varchar","fieldType":"field","boAttrId":"583012","boDefId":null,"entId":"583005","sn":6,"attrLength":50,"decimal":0,"validRule":{"required":false,"max":50},"required":false,"option":{},"tableName":"casePhotoMaster","ctrlType":"onetext","uuid":"67BA04639C927A73","puuid":"A1F3D10C6EA7DF5B","widthClass":"col-md-12","boName":"主账票证券番号","fieldPath":"qyjsCaseModel.sub_casePhotoMaster.casePhotoMaster.PRIMARY_DESIGNATION","bindEventjson":{"name":"选择"}},{"name":"PRIMARY_DESIGNATION_SUB","desc":"裏書番号","path":"qyjsCaseModel.sub_casePhotoMaster","type":"varchar","fieldType":"field","boAttrId":"583013","boDefId":null,"entId":"583005","sn":7,"attrLength":50,"decimal":0,"validRule":{"required":false,"max":50},"required":false,"option":{},"tableName":"casePhotoMaster","ctrlType":"onetext","uuid":"A91979E33A9D7468","puuid":"A1F3D10C6EA7DF5B","widthClass":"col-md-12","boName":"主账票裏書番号","fieldPath":"qyjsCaseModel.sub_casePhotoMaster.casePhotoMaster.PRIMARY_DESIGNATION_SUB","bindEventjson":{"name":"选择"}},{"name":"DEPARTMENT_CODE","desc":"課店コード","path":"qyjsCaseModel.sub_casePhotoMaster","type":"varchar","fieldType":"field","boAttrId":"583019","boDefId":null,"entId":"583005","sn":13,"attrLength":60,"decimal":0,"validRule":{"required":false,"max":60},"required":false,"option":{},"tableName":"casePhotoMaster","ctrlType":"onetext","uuid":"37614D52333E9A49","puuid":"A1F3D10C6EA7DF5B","widthClass":"col-md-12","boName":"課店コード","fieldPath":"qyjsCaseModel.sub_casePhotoMaster.casePhotoMaster.DEPARTMENT_CODE","bindEventjson":{"name":"选择"}},{"name":"STORE_CODE","desc":"代理店コード","path":"qyjsCaseModel.sub_casePhotoMaster","type":"varchar","fieldType":"field","boAttrId":"583020","boDefId":null,"entId":"583005","sn":14,"attrLength":60,"decimal":0,"validRule":{"required":false,"max":60},"required":false,"option":{},"tableName":"casePhotoMaster","ctrlType":"onetext","uuid":"7DF6C73585E15428","puuid":"A1F3D10C6EA7DF5B","widthClass":"col-md-12","boName":"代理店コード","fieldPath":"qyjsCaseModel.sub_casePhotoMaster.casePhotoMaster.STORE_CODE","bindEventjson":{"name":"选择"}},{"name":"APPLICANT_NAME","desc":"契約者名","ctrlType":"multitext","uuid":"8CFE74862E755E09","puuid":"A1F3D10C6EA7DF5B","widthClass":"col-md-12","option":{},"fieldPath":"qyjsCaseModel.sub_casePhotoMaster.casePhotoMaster.APPLICANT_NAME","path":"qyjsCaseModel.sub_casePhotoMaster","type":"varchar","fieldType":"field","boAttrId":"583021","boDefId":null,"entId":"583005","sn":16,"attrLength":60,"decimal":0,"validRule":{"required":false,"max":60},"required":false,"tableName":"casePhotoMaster","boName":"契約者名"},{"name":"APPLICANT_KANA","desc":"契約者名（カナ）","path":"qyjsCaseModel.sub_casePhotoMaster","type":"varchar","fieldType":"field","boAttrId":"583022","boDefId":null,"entId":"583005","sn":16,"attrLength":60,"decimal":0,"validRule":{"required":false,"max":60},"required":false,"option":{},"tableName":"casePhotoMaster","ctrlType":"onetext","uuid":"6B73E59C56ABF732","puuid":"A1F3D10C6EA7DF5B","widthClass":"col-md-12","boName":"カナ","fieldPath":"qyjsCaseModel.sub_casePhotoMaster.casePhotoMaster.APPLICANT_KANA","bindEventjson":{"name":"选择"}}],"uuid":"A1F3D10C6EA7DF5B","widthClass":"col-md-12","ctrlType":"sub","tableName":"casePhotoMaster","boDefId":"2153143"},{"name":"casePhotoSon","desc":"案件图片信息表","path":"qyjsCaseModel.sub_casePhotoSon","type":"sub","fieldType":"sub","boAttrId":"583039","entId":"2153144","sn":2,"attrLength":0,"decimal":0,"validRule":{"required":false},"required":false,"relation":"onetomany","option":{},"children":[{"name":"PHOTO_NAME","desc":"書類名","ctrlType":"multitext","uuid":"46B4D556C19D3034","puuid":"44C9951787822051","widthClass":"col-md-12","option":{},"fieldPath":"qyjsCaseModel.sub_casePhotoSon.casePhotoSon.PHOTO_NAME","path":"qyjsCaseModel.sub_casePhotoSon","type":"varchar","fieldType":"field","boAttrId":"583049","boDefId":null,"entId":"583039","sn":10,"attrLength":60,"decimal":0,"validRule":{"required":false,"max":60},"required":false,"tableName":"casePhotoSon","boName":"图片名"},{"name":"MAIN_SUB_FLAG","desc":"主/副","path":"qyjsCaseModel.sub_casePhotoSon","type":"number","fieldType":"field","boAttrId":"583051","boDefId":null,"entId":"583039","sn":11,"attrLength":10,"decimal":0,"validRule":{"required":false,"max":10,"rules":[{"name":"数字","text":"decimal","valueTitle":"允许的最大小数点数。不传递小数将接受可能包含或不包含小数点数的数字数据","value":0}]},"required":false,"option":{},"tableName":"casePhotoSon","ctrlType":"onetext","uuid":"06B86566DB644275","puuid":"44C9951787822051","widthClass":"col-md-12","boName":"主付标志 :  1=主帳票;2=副帳票","fieldPath":"qyjsCaseModel.sub_casePhotoSon.casePhotoSon.MAIN_SUB_FLAG","bindEventjson":{"name":"选择"}},{"name":"CLASS_NUMBER","desc":"分類番号","path":"qyjsCaseModel.sub_casePhotoSon","type":"varchar","fieldType":"field","boAttrId":"583046","boDefId":null,"entId":"583039","sn":6,"attrLength":60,"decimal":0,"validRule":{"required":false,"max":60},"required":false,"option":{},"tableName":"casePhotoSon","ctrlType":"onetext","uuid":"2E42FA92C555B935","puuid":"44C9951787822051","widthClass":"col-md-12","boName":"分類号","fieldPath":"qyjsCaseModel.sub_casePhotoSon.casePhotoSon.CLASS_NUMBER","bindEventjson":{"name":"选择"}},{"name":"INDEX_CODE","desc":"枝番","path":"qyjsCaseModel.sub_casePhotoSon","type":"varchar","fieldType":"field","boAttrId":"583044","boDefId":null,"entId":"583039","sn":4,"attrLength":50,"decimal":0,"validRule":{"required":false,"max":50},"required":false,"option":{},"tableName":"casePhotoSon","ctrlType":"onetext","uuid":"DE82401E205E8DD1","puuid":"44C9951787822051","widthClass":"col-md-12","boName":"枝番","fieldPath":"qyjsCaseModel.sub_casePhotoSon.casePhotoSon.INDEX_CODE","bindEventjson":{"name":"选择"}},{"name":"CAR_NO","desc":"車番号","path":"qyjsCaseModel.sub_casePhotoSon","type":"varchar","fieldType":"field","boAttrId":"583052","boDefId":null,"entId":"583039","sn":12,"attrLength":255,"decimal":0,"validRule":{"required":false,"max":255},"required":false,"option":{},"tableName":"casePhotoSon","ctrlType":"onetext","uuid":"16C46747F56554C2","puuid":"44C9951787822051","widthClass":"col-md-12","boName":"車番号","fieldPath":"qyjsCaseModel.sub_casePhotoSon.casePhotoSon.CAR_NO","bindEventjson":{"name":"选择"}},{"name":"STUB_TYPE","desc":"原票区分","path":"qyjsCaseModel.sub_casePhotoSon","type":"varchar","fieldType":"field","boAttrId":"583053","boDefId":null,"entId":"583039","sn":13,"attrLength":255,"decimal":0,"validRule":{"required":false,"max":255},"required":false,"option":{},"tableName":"casePhotoSon","ctrlType":"onetext","uuid":"77CBE5B5AFB7581F","puuid":"44C9951787822051","widthClass":"col-md-12","boName":"原票区分","fieldPath":"qyjsCaseModel.sub_casePhotoSon.casePhotoSon.STUB_TYPE","bindEventjson":{"name":"选择"}}],"uuid":"44C9951787822051","widthClass":"col-md-12","ctrlType":"sub","tableName":"casePhotoSon","boDefId":"2153143"},{"name":"zl","desc":"種類","path":"qyjsCaseModel","type":"varchar","fieldType":"field","boAttrId":"583004","boDefId":"2153143","entId":"2153144","sn":0,"attrLength":50,"decimal":0,"validRule":{"required":false,"max":50},"required":false,"option":{"choiceType":"static","choice":[{"key":"1","value":"異動のみ"},{"key":"2","value":"異動増"},{"key":"3","value":"異動減"},{"key":"4","value":"返戻"},{"key":"5","value":"ゼロ円解約"},{"key":"6","value":"新規"},{"key":"7","value":"更改"}]},"tableName":"caseFlag","ctrlType":"select","uuid":"8D2228EC950A5832","widthClass":"col-md-12","boName":"種類","fieldPath":"qyjsCaseModel.caseFlag.zl","bindEventjson":{"name":"选择"},"bindDicName":{},"bindDicPath":"","customDialogjson":{}},{"name":"clll","desc":"処理履歴","path":"qyjsCaseModel","type":"varchar","fieldType":"field","boAttrId":"593176","boDefId":"2153143","entId":"2153144","sn":9,"attrLength":50,"decimal":0,"validRule":{"required":false,"max":50},"required":false,"option":{},"tableName":"caseFlag","ctrlType":"onetext","uuid":"E7E6B1B96427A9AB","widthClass":"col-md-12","boName":"処理履歴","fieldPath":"qyjsCaseModel.caseFlag.clll","bindEventjson":{"name":"选择"}},{"name":"zfjeyen","desc":"支払金額(円)","path":"qyjsCaseModel","type":"varchar","fieldType":"field","boAttrId":"593188","boDefId":"2153143","entId":"2153144","sn":21,"attrLength":50,"decimal":0,"validRule":{"required":true,"max":50},"required":false,"option":{},"tableName":"caseFlag","ctrlType":"onetext","uuid":"C2BF63B9D2BE1D31","widthClass":"col-md-12","boName":"支払金額(円)","fieldPath":"qyjsCaseModel.caseFlag.zfjeyen","bindEventjson":{"name":"选择"}},{"name":"zfr","desc":"支払日","path":"qyjsCaseModel","type":"varchar","fieldType":"field","boAttrId":"593186","boDefId":"2153143","entId":"2153144","sn":19,"attrLength":50,"decimal":0,"validRule":{"required":true,"max":50},"required":false,"option":{},"tableName":"caseFlag","ctrlType":"onetext","uuid":"6C1672A9B9C70185","widthClass":"col-md-12","boName":"支払日","fieldPath":"qyjsCaseModel.caseFlag.zfr","bindEventjson":{"name":"选择"}},{"name":"dkgroupcomment","desc":"代勘チームへコメント","path":"qyjsCaseModel","type":"clob","fieldType":"field","boAttrId":"593173","boDefId":"2153143","entId":"2153144","sn":9,"attrLength":0,"decimal":0,"validRule":{"required":false},"required":false,"option":{},"tableName":"caseFlag","ctrlType":"multitext","uuid":"858DF2883EE5DDDC","widthClass":"col-md-12","boName":"代勘チームへコメント","fieldPath":"qyjsCaseModel.caseFlag.dkgroupcomment"},{"name":"zzdyl","desc":"再振込依頼","ctrlType":"radio","uuid":"D86BEE1E2AA2FBD4","widthClass":"col-md-12","option":{"choiceType":"static","choice":[{"key":"1","value":"要"},{"key":"2","value":"不要"}]},"fieldPath":"qyjsCaseModel.caseFlag.zzdyl","path":"qyjsCaseModel","type":"varchar","fieldType":"field","boAttrId":"938027","boDefId":"2153143","entId":"2153144","sn":54,"attrLength":50,"decimal":0,"validRule":{"required":false,"max":50},"required":false,"tableName":"caseFlag","boName":"再振込依頼"}]},{"name":"casePhotoMaster","desc":"案件基本情报表","path":"qyjsCaseModel.sub_casePhotoMaster","type":"sub","fieldType":"sub","boAttrId":"2153210","entId":"2153210","sn":1,"attrLength":0,"decimal":0,"validRule":{"required":false},"required":false,"relation":"onetoone","option":{},"children":[{"name":"PRIMARY_DESIGNATION","desc":"证券番号","path":"qyjsCaseModel.sub_casePhotoMaster","type":"varchar","fieldType":"field","boAttrId":"583012","boDefId":null,"entId":"583005","sn":6,"attrLength":50,"decimal":0,"validRule":{"required":false,"max":50},"required":false,"option":{},"tableName":"casePhotoMaster","ctrlType":"onetext","uuid":"67BA04639C927A73","puuid":"A1F3D10C6EA7DF5B","widthClass":"col-md-12","boName":"主账票证券番号","fieldPath":"qyjsCaseModel.sub_casePhotoMaster.casePhotoMaster.PRIMARY_DESIGNATION","bindEventjson":{"name":"选择"}},{"name":"PRIMARY_DESIGNATION_SUB","desc":"裏書番号","path":"qyjsCaseModel.sub_casePhotoMaster","type":"varchar","fieldType":"field","boAttrId":"583013","boDefId":null,"entId":"583005","sn":7,"attrLength":50,"decimal":0,"validRule":{"required":false,"max":50},"required":false,"option":{},"tableName":"casePhotoMaster","ctrlType":"onetext","uuid":"A91979E33A9D7468","puuid":"A1F3D10C6EA7DF5B","widthClass":"col-md-12","boName":"主账票裏書番号","fieldPath":"qyjsCaseModel.sub_casePhotoMaster.casePhotoMaster.PRIMARY_DESIGNATION_SUB","bindEventjson":{"name":"选择"}},{"name":"DEPARTMENT_CODE","desc":"課店コード","path":"qyjsCaseModel.sub_casePhotoMaster","type":"varchar","fieldType":"field","boAttrId":"583019","boDefId":null,"entId":"583005","sn":13,"attrLength":60,"decimal":0,"validRule":{"required":false,"max":60},"required":false,"option":{},"tableName":"casePhotoMaster","ctrlType":"onetext","uuid":"37614D52333E9A49","puuid":"A1F3D10C6EA7DF5B","widthClass":"col-md-12","boName":"課店コード","fieldPath":"qyjsCaseModel.sub_casePhotoMaster.casePhotoMaster.DEPARTMENT_CODE","bindEventjson":{"name":"选择"}},{"name":"STORE_CODE","desc":"代理店コード","path":"qyjsCaseModel.sub_casePhotoMaster","type":"varchar","fieldType":"field","boAttrId":"583020","boDefId":null,"entId":"583005","sn":14,"attrLength":60,"decimal":0,"validRule":{"required":false,"max":60},"required":false,"option":{},"tableName":"casePhotoMaster","ctrlType":"onetext","uuid":"7DF6C73585E15428","puuid":"A1F3D10C6EA7DF5B","widthClass":"col-md-12","boName":"代理店コード","fieldPath":"qyjsCaseModel.sub_casePhotoMaster.casePhotoMaster.STORE_CODE","bindEventjson":{"name":"选择"}},{"name":"APPLICANT_NAME","desc":"契約者名","ctrlType":"multitext","uuid":"8CFE74862E755E09","puuid":"A1F3D10C6EA7DF5B","widthClass":"col-md-12","option":{},"fieldPath":"qyjsCaseModel.sub_casePhotoMaster.casePhotoMaster.APPLICANT_NAME","path":"qyjsCaseModel.sub_casePhotoMaster","type":"varchar","fieldType":"field","boAttrId":"583021","boDefId":null,"entId":"583005","sn":16,"attrLength":60,"decimal":0,"validRule":{"required":false,"max":60},"required":false,"tableName":"casePhotoMaster","boName":"契約者名"},{"name":"APPLICANT_KANA","desc":"契約者名（カナ）","path":"qyjsCaseModel.sub_casePhotoMaster","type":"varchar","fieldType":"field","boAttrId":"583022","boDefId":null,"entId":"583005","sn":16,"attrLength":60,"decimal":0,"validRule":{"required":false,"max":60},"required":false,"option":{},"tableName":"casePhotoMaster","ctrlType":"onetext","uuid":"6B73E59C56ABF732","puuid":"A1F3D10C6EA7DF5B","widthClass":"col-md-12","boName":"カナ","fieldPath":"qyjsCaseModel.sub_casePhotoMaster.casePhotoMaster.APPLICANT_KANA","bindEventjson":{"name":"选择"}}]},{"name":"casePhotoSon","desc":"案件图片信息表","path":"qyjsCaseModel.sub_casePhotoSon","type":"sub","fieldType":"sub","boAttrId":"2153249","entId":"2153249","sn":2,"attrLength":0,"decimal":0,"validRule":{"required":false},"required":false,"relation":"onetomany","option":{},"children":[{"name":"PHOTO_NAME","desc":"書類名","ctrlType":"multitext","uuid":"46B4D556C19D3034","puuid":"44C9951787822051","widthClass":"col-md-12","option":{},"fieldPath":"qyjsCaseModel.sub_casePhotoSon.casePhotoSon.PHOTO_NAME","path":"qyjsCaseModel.sub_casePhotoSon","type":"varchar","fieldType":"field","boAttrId":"583049","boDefId":null,"entId":"583039","sn":10,"attrLength":60,"decimal":0,"validRule":{"required":false,"max":60},"required":false,"tableName":"casePhotoSon","boName":"图片名"},{"name":"MAIN_SUB_FLAG","desc":"主/副","path":"qyjsCaseModel.sub_casePhotoSon","type":"number","fieldType":"field","boAttrId":"583051","boDefId":null,"entId":"583039","sn":11,"attrLength":10,"decimal":0,"validRule":{"required":false,"max":10,"rules":[{"name":"数字","text":"decimal","valueTitle":"允许的最大小数点数。不传递小数将接受可能包含或不包含小数点数的数字数据","value":0}]},"required":false,"option":{},"tableName":"casePhotoSon","ctrlType":"onetext","uuid":"06B86566DB644275","puuid":"44C9951787822051","widthClass":"col-md-12","boName":"主付标志 :  1=主帳票;2=副帳票","fieldPath":"qyjsCaseModel.sub_casePhotoSon.casePhotoSon.MAIN_SUB_FLAG","bindEventjson":{"name":"选择"}},{"name":"CLASS_NUMBER","desc":"分類番号","path":"qyjsCaseModel.sub_casePhotoSon","type":"varchar","fieldType":"field","boAttrId":"583046","boDefId":null,"entId":"583039","sn":6,"attrLength":60,"decimal":0,"validRule":{"required":false,"max":60},"required":false,"option":{},"tableName":"casePhotoSon","ctrlType":"onetext","uuid":"2E42FA92C555B935","puuid":"44C9951787822051","widthClass":"col-md-12","boName":"分類号","fieldPath":"qyjsCaseModel.sub_casePhotoSon.casePhotoSon.CLASS_NUMBER","bindEventjson":{"name":"选择"}},{"name":"INDEX_CODE","desc":"枝番","path":"qyjsCaseModel.sub_casePhotoSon","type":"varchar","fieldType":"field","boAttrId":"583044","boDefId":null,"entId":"583039","sn":4,"attrLength":50,"decimal":0,"validRule":{"required":false,"max":50},"required":false,"option":{},"tableName":"casePhotoSon","ctrlType":"onetext","uuid":"DE82401E205E8DD1","puuid":"44C9951787822051","widthClass":"col-md-12","boName":"枝番","fieldPath":"qyjsCaseModel.sub_casePhotoSon.casePhotoSon.INDEX_CODE","bindEventjson":{"name":"选择"}},{"name":"CAR_NO","desc":"車番号","path":"qyjsCaseModel.sub_casePhotoSon","type":"varchar","fieldType":"field","boAttrId":"583052","boDefId":null,"entId":"583039","sn":12,"attrLength":255,"decimal":0,"validRule":{"required":false,"max":255},"required":false,"option":{},"tableName":"casePhotoSon","ctrlType":"onetext","uuid":"16C46747F56554C2","puuid":"44C9951787822051","widthClass":"col-md-12","boName":"車番号","fieldPath":"qyjsCaseModel.sub_casePhotoSon.casePhotoSon.CAR_NO","bindEventjson":{"name":"选择"}},{"name":"STUB_TYPE","desc":"原票区分","path":"qyjsCaseModel.sub_casePhotoSon","type":"varchar","fieldType":"field","boAttrId":"583053","boDefId":null,"entId":"583039","sn":13,"attrLength":255,"decimal":0,"validRule":{"required":false,"max":255},"required":false,"option":{},"tableName":"casePhotoSon","ctrlType":"onetext","uuid":"77CBE5B5AFB7581F","puuid":"44C9951787822051","widthClass":"col-md-12","boName":"原票区分","fieldPath":"qyjsCaseModel.sub_casePhotoSon.casePhotoSon.STUB_TYPE","bindEventjson":{"name":"选择"}}]}],"boDefList":[{"id":"2153143","desc":"契约计上通用建模"}],"flowField":[],"separators":[{"key":"0","name":"基本信息","isShow":true,"isOpen":true}],"includeFiles":""}</expand>
            <opinionConf></opinionConf>
            <ganged></ganged>
            <macroAlias>fieldControl</macroAlias>
            <mainAlias>sfqTABzmb</mainAlias>
            <rev>2</rev>
            <subEntity>sfqhTabzb</subEntity>
        </bpmFormDef>
        <boCodes>qyjsCaseModel</boCodes>
    </formXml>
</bpmFormImport>
